Sample in Buffer,Sample in Window,TRIGGER,probe0_pc[31:0],probe1_status[3:0],probe2_membus_live[2:0],probe3_mem_addr[31:0],probe4_membus_counts[31:0],probe5_uart[3:0],probe6_flags[2:0]
Radix - UNSIGNED,UNSIGNED,UNSIGNED,HEX,HEX,HEX,HEX,HEX,HEX,HEX
0,0,0,80000078,c,0,1001200c,00000000,4,4
1,1,0,80000078,d,0,1001200c,00000000,4,4
2,2,0,80000078,d,0,1001200c,00000000,4,4
3,3,0,80000078,c,0,1001200c,00000000,4,4
4,4,0,80000078,d,0,1001200c,00000000,4,4
5,5,0,80000078,d,0,1001200c,00000000,4,4
6,6,0,80000078,c,0,1001200c,00000000,4,4
7,7,0,80000078,d,0,1001200c,00000000,4,4
8,8,0,80000078,d,0,1001200c,00000000,4,4
9,9,0,80000078,c,0,1001200c,00000000,4,4
10,10,0,80000078,c,0,1001200c,00000000,4,4
11,11,0,80000078,d,0,1001200c,00000000,4,4
12,12,0,80000078,c,0,1001200c,00000000,4,4
13,13,0,80000078,c,0,1001200c,00000000,4,4
14,14,0,80000078,d,0,1001200c,00000000,4,4
15,15,0,80000078,c,0,1001200c,00000000,4,4
16,16,0,80000078,c,0,1001200c,00000000,4,4
17,17,0,80000078,d,0,1001200c,00000000,4,4
18,18,0,80000078,c,0,1001200c,00000000,4,4
19,19,0,80000078,c,0,1001200c,00000000,4,4
20,20,0,80000078,d,0,1001200c,00000000,4,4
21,21,0,80000078,c,0,1001200c,00000000,4,4
22,22,0,80000078,c,0,1001200c,00000000,4,4
23,23,0,80000078,d,0,1001200c,00000000,4,4
24,24,0,80000078,d,0,1001200c,00000000,4,4
25,25,0,80000078,c,0,1001200c,00000000,4,4
26,26,0,80000078,d,0,1001200c,00000000,4,4
27,27,0,80000078,d,0,1001200c,00000000,4,4
28,28,0,80000078,c,0,1001200c,00000000,4,4
29,29,0,80000078,d,0,1001200c,00000000,4,4
30,30,0,80000078,d,0,1001200c,00000000,4,4
31,31,0,80000078,c,0,1001200c,00000000,4,4
32,32,0,80000078,d,0,1001200c,00000000,4,4
33,33,0,80000078,d,0,1001200c,00000000,4,4
34,34,0,80000078,c,0,1001200c,00000000,4,4
35,35,0,80000078,c,0,1001200c,00000000,4,4
36,36,0,80000078,d,0,1001200c,00000000,4,4
37,37,0,80000078,c,0,1001200c,00000000,4,4
38,38,0,80000078,c,0,1001200c,00000000,4,4
39,39,0,80000078,d,0,1001200c,00000000,4,4
40,40,0,80000078,c,0,1001200c,00000000,4,4
41,41,0,80000078,c,0,1001200c,00000000,4,4
42,42,0,80000078,d,0,1001200c,00000000,4,4
43,43,0,80000078,c,0,1001200c,00000000,4,4
44,44,0,80000078,c,0,1001200c,00000000,4,4
45,45,0,80000078,d,0,1001200c,00000000,4,4
46,46,0,80000078,c,0,1001200c,00000000,4,4
47,47,0,80000078,c,0,1001200c,00000000,4,4
48,48,0,80000078,d,0,1001200c,00000000,4,4
49,49,0,80000078,d,0,1001200c,00000000,4,4
50,50,0,80000078,c,0,1001200c,00000000,4,4
51,51,0,80000078,d,0,1001200c,00000000,4,4
52,52,0,80000078,d,0,1001200c,00000000,4,4
53,53,0,80000078,c,0,1001200c,00000000,4,4
54,54,0,80000078,d,0,1001200c,00000000,4,4
55,55,0,80000078,d,0,1001200c,00000000,4,4
56,56,0,80000078,c,0,1001200c,00000000,4,4
57,57,0,80000078,d,0,1001200c,00000000,4,4
58,58,0,80000078,d,0,1001200c,00000000,4,4
59,59,0,80000078,c,0,1001200c,00000000,4,4
60,60,0,80000078,c,0,1001200c,00000000,4,4
61,61,0,80000078,d,0,1001200c,00000000,4,4
62,62,0,80000078,c,0,1001200c,00000000,4,4
63,63,0,80000078,c,0,1001200c,00000000,4,4
64,64,0,80000078,d,0,1001200c,00000000,4,4
65,65,0,80000078,c,0,1001200c,00000000,4,4
66,66,0,80000078,c,0,1001200c,00000000,4,4
67,67,0,80000078,d,0,1001200c,00000000,4,4
68,68,0,80000078,c,0,1001200c,00000000,4,4
69,69,0,80000078,c,0,1001200c,00000000,4,4
70,70,0,80000078,d,0,1001200c,00000000,4,4
71,71,0,80000078,c,0,1001200c,00000000,4,4
72,72,0,80000078,c,0,1001200c,00000000,4,4
73,73,0,80000078,d,0,1001200c,00000000,4,4
74,74,0,80000078,d,0,1001200c,00000000,4,4
75,75,0,80000078,c,0,1001200c,00000000,4,4
76,76,0,80000078,d,0,1001200c,00000000,4,4
77,77,0,80000078,d,0,1001200c,00000000,4,4
78,78,0,80000078,c,0,1001200c,00000000,4,4
79,79,0,80000078,d,0,1001200c,00000000,4,4
80,80,0,80000078,d,0,1001200c,00000000,4,4
81,81,0,80000078,c,0,1001200c,00000000,4,4
82,82,0,80000078,d,0,1001200c,00000000,4,4
83,83,0,80000078,d,0,1001200c,00000000,4,4
84,84,0,80000078,c,0,1001200c,00000000,4,4
85,85,0,80000078,c,0,1001200c,00000000,4,4
86,86,0,80000078,d,0,1001200c,00000000,4,4
87,87,0,80000078,c,0,1001200c,00000000,4,4
88,88,0,80000078,c,0,1001200c,00000000,4,4
89,89,0,80000078,d,0,1001200c,00000000,4,4
90,90,0,80000078,c,0,1001200c,00000000,4,4
91,91,0,80000078,c,0,1001200c,00000000,4,4
92,92,0,80000078,d,0,1001200c,00000000,4,4
93,93,0,80000078,c,0,1001200c,00000000,4,4
94,94,0,80000078,c,0,1001200c,00000000,4,4
95,95,0,80000078,d,0,1001200c,00000000,4,4
96,96,0,80000078,c,0,1001200c,00000000,4,4
97,97,0,80000078,c,0,1001200c,00000000,4,4
98,98,0,80000078,d,0,1001200c,00000000,4,4
99,99,0,80000078,d,0,1001200c,00000000,4,4
100,100,0,80000078,c,0,1001200c,00000000,4,4
101,101,0,80000078,d,0,1001200c,00000000,4,4
102,102,0,80000078,d,0,1001200c,00000000,4,4
103,103,0,80000078,c,0,1001200c,00000000,4,4
104,104,0,80000078,d,0,1001200c,00000000,4,4
105,105,0,80000078,d,0,1001200c,00000000,4,4
106,106,0,80000078,c,0,1001200c,00000000,4,4
107,107,0,80000078,d,0,1001200c,00000000,4,4
108,108,0,80000078,d,0,1001200c,00000000,4,4
109,109,0,80000078,c,0,1001200c,00000000,4,4
110,110,0,80000078,c,0,1001200c,00000000,4,4
111,111,0,80000078,d,0,1001200c,00000000,4,4
112,112,0,80000078,c,0,1001200c,00000000,4,4
113,113,0,80000078,c,0,1001200c,00000000,4,4
114,114,0,80000078,d,0,1001200c,00000000,4,4
115,115,0,80000078,c,0,1001200c,00000000,4,4
116,116,0,80000078,c,0,1001200c,00000000,4,4
117,117,0,80000078,d,0,1001200c,00000000,4,4
118,118,0,80000078,c,0,1001200c,00000000,4,4
119,119,0,80000078,c,0,1001200c,00000000,4,4
120,120,0,80000078,d,0,1001200c,00000000,4,4
121,121,0,80000078,c,0,1001200c,00000000,4,4
122,122,0,80000078,c,0,1001200c,00000000,4,4
123,123,0,80000078,d,0,1001200c,00000000,4,4
124,124,0,80000078,d,0,1001200c,00000000,4,4
125,125,0,80000078,c,0,1001200c,00000000,4,4
126,126,0,80000078,d,0,1001200c,00000000,4,4
127,127,0,80000078,d,0,1001200c,00000000,4,4
128,128,0,80000078,c,0,1001200c,00000000,4,4
129,129,0,80000078,d,0,1001200c,00000000,4,4
130,130,0,80000078,d,0,1001200c,00000000,4,4
131,131,0,80000078,c,0,1001200c,00000000,4,4
132,132,0,80000078,d,0,1001200c,00000000,4,4
133,133,0,80000078,d,0,1001200c,00000000,4,4
134,134,0,80000078,c,0,1001200c,00000000,4,4
135,135,0,80000078,c,0,1001200c,00000000,4,4
136,136,0,80000078,d,0,1001200c,00000000,4,4
137,137,0,80000078,c,0,1001200c,00000000,4,4
138,138,0,80000078,c,0,1001200c,00000000,4,4
139,139,0,80000078,d,0,1001200c,00000000,4,4
140,140,0,80000078,c,0,1001200c,00000000,4,4
141,141,0,80000078,c,0,1001200c,00000000,4,4
142,142,0,80000078,d,0,1001200c,00000000,4,4
143,143,0,80000078,c,0,1001200c,00000000,4,4
144,144,0,80000078,c,0,1001200c,00000000,4,4
145,145,0,80000078,d,0,1001200c,00000000,4,4
146,146,0,80000078,c,0,1001200c,00000000,4,4
147,147,0,80000078,c,0,1001200c,00000000,4,4
148,148,0,80000078,d,0,1001200c,00000000,4,4
149,149,0,80000078,d,0,1001200c,00000000,4,4
150,150,0,80000078,c,0,1001200c,00000000,4,4
151,151,0,80000078,d,0,1001200c,00000000,4,4
152,152,0,80000078,d,0,1001200c,00000000,4,4
153,153,0,80000078,c,0,1001200c,00000000,4,4
154,154,0,80000078,d,0,1001200c,00000000,4,4
155,155,0,80000078,d,0,1001200c,00000000,4,4
156,156,0,80000078,c,0,1001200c,00000000,4,4
157,157,0,80000078,d,0,1001200c,00000000,4,4
158,158,0,80000078,d,0,1001200c,00000000,4,4
159,159,0,80000078,c,0,1001200c,00000000,4,4
160,160,0,80000078,c,0,1001200c,00000000,4,4
161,161,0,80000078,d,0,1001200c,00000000,4,4
162,162,0,80000078,c,0,1001200c,00000000,4,4
163,163,0,80000078,c,0,1001200c,00000000,4,4
164,164,0,80000078,d,0,1001200c,00000000,4,4
165,165,0,80000078,c,0,1001200c,00000000,4,4
166,166,0,80000078,c,0,1001200c,00000000,4,4
167,167,0,80000078,d,0,1001200c,00000000,4,4
168,168,0,80000078,c,0,1001200c,00000000,4,4
169,169,0,80000078,c,0,1001200c,00000000,4,4
170,170,0,80000078,d,0,1001200c,00000000,4,4
171,171,0,80000078,c,0,1001200c,00000000,4,4
172,172,0,80000078,c,0,1001200c,00000000,4,4
173,173,0,80000078,d,0,1001200c,00000000,4,4
174,174,0,80000078,d,0,1001200c,00000000,4,4
175,175,0,80000078,c,0,1001200c,00000000,4,4
176,176,0,80000078,d,0,1001200c,00000000,4,4
177,177,0,80000078,d,0,1001200c,00000000,4,4
178,178,0,80000078,c,0,1001200c,00000000,4,4
179,179,0,80000078,d,0,1001200c,00000000,4,4
180,180,0,80000078,d,0,1001200c,00000000,4,4
181,181,0,80000078,c,0,1001200c,00000000,4,4
182,182,0,80000078,d,0,1001200c,00000000,4,4
183,183,0,80000078,d,0,1001200c,00000000,4,4
184,184,0,80000078,c,0,1001200c,00000000,4,4
185,185,0,80000078,c,0,1001200c,00000000,4,4
186,186,0,80000078,d,0,1001200c,00000000,4,4
187,187,0,80000078,c,0,1001200c,00000000,4,4
188,188,0,80000078,c,0,1001200c,00000000,4,4
189,189,0,80000078,d,0,1001200c,00000000,4,4
190,190,0,80000078,c,0,1001200c,00000000,4,4
191,191,0,80000078,c,0,1001200c,00000000,4,4
192,192,0,80000078,d,0,1001200c,00000000,4,4
193,193,0,80000078,c,0,1001200c,00000000,4,4
194,194,0,80000078,c,0,1001200c,00000000,4,4
195,195,0,80000078,d,0,1001200c,00000000,4,4
196,196,0,80000078,c,0,1001200c,00000000,4,4
197,197,0,80000078,c,0,1001200c,00000000,4,4
198,198,0,80000078,d,0,1001200c,00000000,4,4
199,199,0,80000078,d,0,1001200c,00000000,4,4
200,200,0,80000078,c,0,1001200c,00000000,4,4
201,201,0,80000078,d,0,1001200c,00000000,4,4
202,202,0,80000078,d,0,1001200c,00000000,4,4
203,203,0,80000078,c,0,1001200c,00000000,4,4
204,204,0,80000078,d,0,1001200c,00000000,4,4
205,205,0,80000078,d,0,1001200c,00000000,4,4
206,206,0,80000078,c,0,1001200c,00000000,4,4
207,207,0,80000078,d,0,1001200c,00000000,4,4
208,208,0,80000078,d,0,1001200c,00000000,4,4
209,209,0,80000078,c,0,1001200c,00000000,4,4
210,210,0,80000078,c,0,1001200c,00000000,4,4
211,211,0,80000078,d,0,1001200c,00000000,4,4
212,212,0,80000078,c,0,1001200c,00000000,4,4
213,213,0,80000078,c,0,1001200c,00000000,4,4
214,214,0,80000078,d,0,1001200c,00000000,4,4
215,215,0,80000078,c,0,1001200c,00000000,4,4
216,216,0,80000078,c,0,1001200c,00000000,4,4
217,217,0,80000078,d,0,1001200c,00000000,4,4
218,218,0,80000078,c,0,1001200c,00000000,4,4
219,219,0,80000078,c,0,1001200c,00000000,4,4
220,220,0,80000078,d,0,1001200c,00000000,4,4
221,221,0,80000078,c,0,1001200c,00000000,4,4
222,222,0,80000078,c,0,1001200c,00000000,4,4
223,223,0,80000078,d,0,1001200c,00000000,4,4
224,224,0,80000078,d,0,1001200c,00000000,4,4
225,225,0,80000078,c,0,1001200c,00000000,4,4
226,226,0,80000078,d,0,1001200c,00000000,4,4
227,227,0,80000078,d,0,1001200c,00000000,4,4
228,228,0,80000078,c,0,1001200c,00000000,4,4
229,229,0,80000078,d,0,1001200c,00000000,4,4
230,230,0,80000078,d,0,1001200c,00000000,4,4
231,231,0,80000078,c,0,1001200c,00000000,4,4
232,232,0,80000078,d,0,1001200c,00000000,4,4
233,233,0,80000078,d,0,1001200c,00000000,4,4
234,234,0,80000078,c,0,1001200c,00000000,4,4
235,235,0,80000078,c,0,1001200c,00000000,4,4
236,236,0,80000078,d,0,1001200c,00000000,4,4
237,237,0,80000078,c,0,1001200c,00000000,4,4
238,238,0,80000078,c,0,1001200c,00000000,4,4
239,239,0,80000078,d,0,1001200c,00000000,4,4
240,240,0,80000078,c,0,1001200c,00000000,4,4
241,241,0,80000078,c,0,1001200c,00000000,4,4
242,242,0,80000078,d,0,1001200c,00000000,4,4
243,243,0,80000078,c,0,1001200c,00000000,4,4
244,244,0,80000078,c,0,1001200c,00000000,4,4
245,245,0,80000078,d,0,1001200c,00000000,4,4
246,246,0,80000078,c,0,1001200c,00000000,4,4
247,247,0,80000078,c,0,1001200c,00000000,4,4
248,248,0,80000078,d,0,1001200c,00000000,4,4
249,249,0,80000078,d,0,1001200c,00000000,4,4
250,250,0,80000078,c,0,1001200c,00000000,4,4
251,251,0,80000078,d,0,1001200c,00000000,4,4
252,252,0,80000078,d,0,1001200c,00000000,4,4
253,253,0,80000078,c,0,1001200c,00000000,4,4
254,254,0,80000078,d,0,1001200c,00000000,4,4
255,255,0,80000078,d,0,1001200c,00000000,4,4
256,256,0,80000078,c,0,1001200c,00000000,4,4
257,257,0,80000078,d,0,1001200c,00000000,4,4
258,258,0,80000078,d,0,1001200c,00000000,4,4
259,259,0,80000078,c,0,1001200c,00000000,4,4
260,260,0,80000078,c,0,1001200c,00000000,4,4
261,261,0,80000078,d,0,1001200c,00000000,4,4
262,262,0,80000078,c,0,1001200c,00000000,4,4
263,263,0,80000078,c,0,1001200c,00000000,4,4
264,264,0,80000078,d,0,1001200c,00000000,4,4
265,265,0,80000078,c,0,1001200c,00000000,4,4
266,266,0,80000078,c,0,1001200c,00000000,4,4
267,267,0,80000078,d,0,1001200c,00000000,4,4
268,268,0,80000078,c,0,1001200c,00000000,4,4
269,269,0,80000078,c,0,1001200c,00000000,4,4
270,270,0,80000078,d,0,1001200c,00000000,4,4
271,271,0,80000078,c,0,1001200c,00000000,4,4
272,272,0,80000078,c,0,1001200c,00000000,4,4
273,273,0,80000078,d,0,1001200c,00000000,4,4
274,274,0,80000078,d,0,1001200c,00000000,4,4
275,275,0,80000078,c,0,1001200c,00000000,4,4
276,276,0,80000078,d,0,1001200c,00000000,4,4
277,277,0,80000078,d,0,1001200c,00000000,4,4
278,278,0,80000078,c,0,1001200c,00000000,4,4
279,279,0,80000078,d,0,1001200c,00000000,4,4
280,280,0,80000078,d,0,1001200c,00000000,4,4
281,281,0,80000078,c,0,1001200c,00000000,4,4
282,282,0,80000078,d,0,1001200c,00000000,4,4
283,283,0,80000078,d,0,1001200c,00000000,4,4
284,284,0,80000078,c,0,1001200c,00000000,4,4
285,285,0,80000078,c,0,1001200c,00000000,4,4
286,286,0,80000078,d,0,1001200c,00000000,4,4
287,287,0,80000078,c,0,1001200c,00000000,4,4
288,288,0,80000078,c,0,1001200c,00000000,4,4
289,289,0,80000078,d,0,1001200c,00000000,4,4
290,290,0,80000078,c,0,1001200c,00000000,4,4
291,291,0,80000078,c,0,1001200c,00000000,4,4
292,292,0,80000078,d,0,1001200c,00000000,4,4
293,293,0,80000078,c,0,1001200c,00000000,4,4
294,294,0,80000078,c,0,1001200c,00000000,4,4
295,295,0,80000078,d,0,1001200c,00000000,4,4
296,296,0,80000078,c,0,1001200c,00000000,4,4
297,297,0,80000078,c,0,1001200c,00000000,4,4
298,298,0,80000078,d,0,1001200c,00000000,4,4
299,299,0,80000078,d,0,1001200c,00000000,4,4
300,300,0,80000078,c,0,1001200c,00000000,4,4
301,301,0,80000078,d,0,1001200c,00000000,4,4
302,302,0,80000078,d,0,1001200c,00000000,4,4
303,303,0,80000078,c,0,1001200c,00000000,4,4
304,304,0,80000078,d,0,1001200c,00000000,4,4
305,305,0,80000078,d,0,1001200c,00000000,4,4
306,306,0,80000078,c,0,1001200c,00000000,4,4
307,307,0,80000078,d,0,1001200c,00000000,4,4
308,308,0,80000078,d,0,1001200c,00000000,4,4
309,309,0,80000078,c,0,1001200c,00000000,4,4
310,310,0,80000078,c,0,1001200c,00000000,4,4
311,311,0,80000078,d,0,1001200c,00000000,4,4
312,312,0,80000078,c,0,1001200c,00000000,4,4
313,313,0,80000078,c,0,1001200c,00000000,4,4
314,314,0,80000078,d,0,1001200c,00000000,4,4
315,315,0,80000078,c,0,1001200c,00000000,4,4
316,316,0,80000078,c,0,1001200c,00000000,4,4
317,317,0,80000078,d,0,1001200c,00000000,4,4
318,318,0,80000078,c,0,1001200c,00000000,4,4
319,319,0,80000078,c,0,1001200c,00000000,4,4
320,320,0,80000078,d,0,1001200c,00000000,4,4
321,321,0,80000078,c,0,1001200c,00000000,4,4
322,322,0,80000078,c,0,1001200c,00000000,4,4
323,323,0,80000078,d,0,1001200c,00000000,4,4
324,324,0,80000078,d,0,1001200c,00000000,4,4
325,325,0,80000078,c,0,1001200c,00000000,4,4
326,326,0,80000078,d,0,1001200c,00000000,4,4
327,327,0,80000078,d,0,1001200c,00000000,4,4
328,328,0,80000078,c,0,1001200c,00000000,4,4
329,329,0,80000078,d,0,1001200c,00000000,4,4
330,330,0,80000078,d,0,1001200c,00000000,4,4
331,331,0,80000078,c,0,1001200c,00000000,4,4
332,332,0,80000078,d,0,1001200c,00000000,4,4
333,333,0,80000078,d,0,1001200c,00000000,4,4
334,334,0,80000078,c,0,1001200c,00000000,4,4
335,335,0,80000078,c,0,1001200c,00000000,4,4
336,336,0,80000078,d,0,1001200c,00000000,4,4
337,337,0,80000078,c,0,1001200c,00000000,4,4
338,338,0,80000078,c,0,1001200c,00000000,4,4
339,339,0,80000078,d,0,1001200c,00000000,4,4
340,340,0,80000078,c,0,1001200c,00000000,4,4
341,341,0,80000078,c,0,1001200c,00000000,4,4
342,342,0,80000078,d,0,1001200c,00000000,4,4
343,343,0,80000078,c,0,1001200c,00000000,4,4
344,344,0,80000078,c,0,1001200c,00000000,4,4
345,345,0,80000078,d,0,1001200c,00000000,4,4
346,346,0,80000078,c,0,1001200c,00000000,4,4
347,347,0,80000078,c,0,1001200c,00000000,4,4
348,348,0,80000078,d,0,1001200c,00000000,4,4
349,349,0,80000078,d,0,1001200c,00000000,4,4
350,350,0,80000078,c,0,1001200c,00000000,4,4
351,351,0,80000078,d,0,1001200c,00000000,4,4
352,352,0,80000078,d,0,1001200c,00000000,4,4
353,353,0,80000078,c,0,1001200c,00000000,4,4
354,354,0,80000078,d,0,1001200c,00000000,4,4
355,355,0,80000078,d,0,1001200c,00000000,4,4
356,356,0,80000078,c,0,1001200c,00000000,4,4
357,357,0,80000078,d,0,1001200c,00000000,4,4
358,358,0,80000078,d,0,1001200c,00000000,4,4
359,359,0,80000078,c,0,1001200c,00000000,4,4
360,360,0,80000078,c,0,1001200c,00000000,4,4
361,361,0,80000078,d,0,1001200c,00000000,4,4
362,362,0,80000078,c,0,1001200c,00000000,4,4
363,363,0,80000078,c,0,1001200c,00000000,4,4
364,364,0,80000078,d,0,1001200c,00000000,4,4
365,365,0,80000078,c,0,1001200c,00000000,4,4
366,366,0,80000078,c,0,1001200c,00000000,4,4
367,367,0,80000078,d,0,1001200c,00000000,4,4
368,368,0,80000078,c,0,1001200c,00000000,4,4
369,369,0,80000078,c,0,1001200c,00000000,4,4
370,370,0,80000078,d,0,1001200c,00000000,4,4
371,371,0,80000078,c,0,1001200c,00000000,4,4
372,372,0,80000078,c,0,1001200c,00000000,4,4
373,373,0,80000078,d,0,1001200c,00000000,4,4
374,374,0,80000078,d,0,1001200c,00000000,4,4
375,375,0,80000078,c,0,1001200c,00000000,4,4
376,376,0,80000078,d,0,1001200c,00000000,4,4
377,377,0,80000078,d,0,1001200c,00000000,4,4
378,378,0,80000078,c,0,1001200c,00000000,4,4
379,379,0,80000078,d,0,1001200c,00000000,4,4
380,380,0,80000078,d,0,1001200c,00000000,4,4
381,381,0,80000078,c,0,1001200c,00000000,4,4
382,382,0,80000078,d,0,1001200c,00000000,4,4
383,383,0,80000078,d,0,1001200c,00000000,4,4
384,384,0,80000078,c,0,1001200c,00000000,4,4
385,385,0,80000078,c,0,1001200c,00000000,4,4
386,386,0,80000078,d,0,1001200c,00000000,4,4
387,387,0,80000078,c,0,1001200c,00000000,4,4
388,388,0,80000078,c,0,1001200c,00000000,4,4
389,389,0,80000078,d,0,1001200c,00000000,4,4
390,390,0,80000078,c,0,1001200c,00000000,4,4
391,391,0,80000078,c,0,1001200c,00000000,4,4
392,392,0,80000078,d,0,1001200c,00000000,4,4
393,393,0,80000078,c,0,1001200c,00000000,4,4
394,394,0,80000078,c,0,1001200c,00000000,4,4
395,395,0,80000078,d,0,1001200c,00000000,4,4
396,396,0,80000078,c,0,1001200c,00000000,4,4
397,397,0,80000078,c,0,1001200c,00000000,4,4
398,398,0,80000078,d,0,1001200c,00000000,4,4
399,399,0,80000078,d,0,1001200c,00000000,4,4
400,400,0,80000078,c,0,1001200c,00000000,4,4
401,401,0,80000078,d,0,1001200c,00000000,4,4
402,402,0,80000078,d,0,1001200c,00000000,4,4
403,403,0,80000078,c,0,1001200c,00000000,4,4
404,404,0,80000078,d,0,1001200c,00000000,4,4
405,405,0,80000078,d,0,1001200c,00000000,4,4
406,406,0,80000078,c,0,1001200c,00000000,4,4
407,407,0,80000078,d,0,1001200c,00000000,4,4
408,408,0,80000078,d,0,1001200c,00000000,4,4
409,409,0,80000078,c,0,1001200c,00000000,4,4
410,410,0,80000078,c,0,1001200c,00000000,4,4
411,411,0,80000078,d,0,1001200c,00000000,4,4
412,412,0,80000078,c,0,1001200c,00000000,4,4
413,413,0,80000078,c,0,1001200c,00000000,4,4
414,414,0,80000078,d,0,1001200c,00000000,4,4
415,415,0,80000078,c,0,1001200c,00000000,4,4
416,416,0,80000078,c,0,1001200c,00000000,4,4
417,417,0,80000078,d,0,1001200c,00000000,4,4
418,418,0,80000078,c,0,1001200c,00000000,4,4
419,419,0,80000078,c,0,1001200c,00000000,4,4
420,420,0,80000078,d,0,1001200c,00000000,4,4
421,421,0,80000078,c,0,1001200c,00000000,4,4
422,422,0,80000078,c,0,1001200c,00000000,4,4
423,423,0,80000078,d,0,1001200c,00000000,4,4
424,424,0,80000078,d,0,1001200c,00000000,4,4
425,425,0,80000078,c,0,1001200c,00000000,4,4
426,426,0,80000078,d,0,1001200c,00000000,4,4
427,427,0,80000078,d,0,1001200c,00000000,4,4
428,428,0,80000078,c,0,1001200c,00000000,4,4
429,429,0,80000078,d,0,1001200c,00000000,4,4
430,430,0,80000078,d,0,1001200c,00000000,4,4
431,431,0,80000078,c,0,1001200c,00000000,4,4
432,432,0,80000078,d,0,1001200c,00000000,4,4
433,433,0,80000078,d,0,1001200c,00000000,4,4
434,434,0,80000078,c,0,1001200c,00000000,4,4
435,435,0,80000078,c,0,1001200c,00000000,4,4
436,436,0,80000078,d,0,1001200c,00000000,4,4
437,437,0,80000078,c,0,1001200c,00000000,4,4
438,438,0,80000078,c,0,1001200c,00000000,4,4
439,439,0,80000078,d,0,1001200c,00000000,4,4
440,440,0,80000078,c,0,1001200c,00000000,4,4
441,441,0,80000078,c,0,1001200c,00000000,4,4
442,442,0,80000078,d,0,1001200c,00000000,4,4
443,443,0,80000078,c,0,1001200c,00000000,4,4
444,444,0,80000078,c,0,1001200c,00000000,4,4
445,445,0,80000078,d,0,1001200c,00000000,4,4
446,446,0,80000078,c,0,1001200c,00000000,4,4
447,447,0,80000078,c,0,1001200c,00000000,4,4
448,448,0,80000078,d,0,1001200c,00000000,4,4
449,449,0,80000078,d,0,1001200c,00000000,4,4
450,450,0,80000078,c,0,1001200c,00000000,4,4
451,451,0,80000078,d,0,1001200c,00000000,4,4
452,452,0,80000078,d,0,1001200c,00000000,4,4
453,453,0,80000078,c,0,1001200c,00000000,4,4
454,454,0,80000078,d,0,1001200c,00000000,4,4
455,455,0,80000078,d,0,1001200c,00000000,4,4
456,456,0,80000078,c,0,1001200c,00000000,4,4
457,457,0,80000078,d,0,1001200c,00000000,4,4
458,458,0,80000078,d,0,1001200c,00000000,4,4
459,459,0,80000078,c,0,1001200c,00000000,4,4
460,460,0,80000078,c,0,1001200c,00000000,4,4
461,461,0,80000078,d,0,1001200c,00000000,4,4
462,462,0,80000078,c,0,1001200c,00000000,4,4
463,463,0,80000078,c,0,1001200c,00000000,4,4
464,464,0,80000078,d,0,1001200c,00000000,4,4
465,465,0,80000078,c,0,1001200c,00000000,4,4
466,466,0,80000078,c,0,1001200c,00000000,4,4
467,467,0,80000078,d,0,1001200c,00000000,4,4
468,468,0,80000078,c,0,1001200c,00000000,4,4
469,469,0,80000078,c,0,1001200c,00000000,4,4
470,470,0,80000078,d,0,1001200c,00000000,4,4
471,471,0,80000078,c,0,1001200c,00000000,4,4
472,472,0,80000078,c,0,1001200c,00000000,4,4
473,473,0,80000078,d,0,1001200c,00000000,4,4
474,474,0,80000078,d,0,1001200c,00000000,4,4
475,475,0,80000078,c,0,1001200c,00000000,4,4
476,476,0,80000078,d,0,1001200c,00000000,4,4
477,477,0,80000078,d,0,1001200c,00000000,4,4
478,478,0,80000078,c,0,1001200c,00000000,4,4
479,479,0,80000078,d,0,1001200c,00000000,4,4
480,480,0,80000078,d,0,1001200c,00000000,4,4
481,481,0,80000078,c,0,1001200c,00000000,4,4
482,482,0,80000078,d,0,1001200c,00000000,4,4
483,483,0,80000078,d,0,1001200c,00000000,4,4
484,484,0,80000078,c,0,1001200c,00000000,4,4
485,485,0,80000078,c,0,1001200c,00000000,4,4
486,486,0,80000078,d,0,1001200c,00000000,4,4
487,487,0,80000078,c,0,1001200c,00000000,4,4
488,488,0,80000078,c,0,1001200c,00000000,4,4
489,489,0,80000078,d,0,1001200c,00000000,4,4
490,490,0,80000078,c,0,1001200c,00000000,4,4
491,491,0,80000078,c,0,1001200c,00000000,4,4
492,492,0,80000078,d,0,1001200c,00000000,4,4
493,493,0,80000078,c,0,1001200c,00000000,4,4
494,494,0,80000078,c,0,1001200c,00000000,4,4
495,495,0,80000078,d,0,1001200c,00000000,4,4
496,496,0,80000078,c,0,1001200c,00000000,4,4
497,497,0,80000078,c,0,1001200c,00000000,4,4
498,498,0,80000078,d,0,1001200c,00000000,4,4
499,499,0,80000078,d,0,1001200c,00000000,4,4
500,500,0,80000078,c,0,1001200c,00000000,4,4
501,501,0,80000078,d,0,1001200c,00000000,4,4
502,502,0,80000078,d,0,1001200c,00000000,4,4
503,503,0,80000078,c,0,1001200c,00000000,4,4
504,504,0,80000078,d,0,1001200c,00000000,4,4
505,505,0,80000078,d,0,1001200c,00000000,4,4
506,506,0,80000078,c,0,1001200c,00000000,4,4
507,507,0,80000078,d,0,1001200c,00000000,4,4
508,508,0,80000078,d,0,1001200c,00000000,4,4
509,509,0,80000078,c,0,1001200c,00000000,4,4
510,510,0,80000078,c,0,1001200c,00000000,4,4
511,511,0,80000078,d,0,1001200c,00000000,4,4
512,512,1,80000078,c,0,1001200c,00000000,4,4
513,513,0,80000078,c,0,1001200c,00000000,4,4
514,514,0,80000078,d,0,1001200c,00000000,4,4
515,515,0,80000078,c,0,1001200c,00000000,4,4
516,516,0,80000078,c,0,1001200c,00000000,4,4
517,517,0,80000078,d,0,1001200c,00000000,4,4
518,518,0,80000078,c,0,1001200c,00000000,4,4
519,519,0,80000078,c,0,1001200c,00000000,4,4
520,520,0,80000078,d,0,1001200c,00000000,4,4
521,521,0,80000078,c,0,1001200c,00000000,4,4
522,522,0,80000078,c,0,1001200c,00000000,4,4
523,523,0,80000078,d,0,1001200c,00000000,4,4
524,524,0,80000078,d,0,1001200c,00000000,4,4
525,525,0,80000078,c,0,1001200c,00000000,4,4
526,526,0,80000078,d,0,1001200c,00000000,4,4
527,527,0,80000078,d,0,1001200c,00000000,4,4
528,528,0,80000078,c,0,1001200c,00000000,4,4
529,529,0,80000078,d,0,1001200c,00000000,4,4
530,530,0,80000078,d,0,1001200c,00000000,4,4
531,531,0,80000078,c,0,1001200c,00000000,4,4
532,532,0,80000078,d,0,1001200c,00000000,4,4
533,533,0,80000078,d,0,1001200c,00000000,4,4
534,534,0,80000078,c,0,1001200c,00000000,4,4
535,535,0,80000078,c,0,1001200c,00000000,4,4
536,536,0,80000078,d,0,1001200c,00000000,4,4
537,537,0,80000078,c,0,1001200c,00000000,4,4
538,538,0,80000078,c,0,1001200c,00000000,4,4
539,539,0,80000078,d,0,1001200c,00000000,4,4
540,540,0,80000078,c,0,1001200c,00000000,4,4
541,541,0,80000078,c,0,1001200c,00000000,4,4
542,542,0,80000078,d,0,1001200c,00000000,4,4
543,543,0,80000078,c,0,1001200c,00000000,4,4
544,544,0,80000078,c,0,1001200c,00000000,4,4
545,545,0,80000078,d,0,1001200c,00000000,4,4
546,546,0,80000078,c,0,1001200c,00000000,4,4
547,547,0,80000078,c,0,1001200c,00000000,4,4
548,548,0,80000078,d,0,1001200c,00000000,4,4
549,549,0,80000078,d,0,1001200c,00000000,4,4
550,550,0,80000078,c,0,1001200c,00000000,4,4
551,551,0,80000078,d,0,1001200c,00000000,4,4
552,552,0,80000078,d,0,1001200c,00000000,4,4
553,553,0,80000078,c,0,1001200c,00000000,4,4
554,554,0,80000078,d,0,1001200c,00000000,4,4
555,555,0,80000078,d,0,1001200c,00000000,4,4
556,556,0,80000078,c,0,1001200c,00000000,4,4
557,557,0,80000078,d,0,1001200c,00000000,4,4
558,558,0,80000078,d,0,1001200c,00000000,4,4
559,559,0,80000078,c,0,1001200c,00000000,4,4
560,560,0,80000078,c,0,1001200c,00000000,4,4
561,561,0,80000078,d,0,1001200c,00000000,4,4
562,562,0,80000078,c,0,1001200c,00000000,4,4
563,563,0,80000078,c,0,1001200c,00000000,4,4
564,564,0,80000078,d,0,1001200c,00000000,4,4
565,565,0,80000078,c,0,1001200c,00000000,4,4
566,566,0,80000078,c,0,1001200c,00000000,4,4
567,567,0,80000078,d,0,1001200c,00000000,4,4
568,568,0,80000078,c,0,1001200c,00000000,4,4
569,569,0,80000078,c,0,1001200c,00000000,4,4
570,570,0,80000078,d,0,1001200c,00000000,4,4
571,571,0,80000078,c,0,1001200c,00000000,4,4
572,572,0,80000078,c,0,1001200c,00000000,4,4
573,573,0,80000078,d,0,1001200c,00000000,4,4
574,574,0,80000078,d,0,1001200c,00000000,4,4
575,575,0,80000078,c,0,1001200c,00000000,4,4
576,576,0,80000078,d,0,1001200c,00000000,4,4
577,577,0,80000078,d,0,1001200c,00000000,4,4
578,578,0,80000078,c,0,1001200c,00000000,4,4
579,579,0,80000078,d,0,1001200c,00000000,4,4
580,580,0,80000078,d,0,1001200c,00000000,4,4
581,581,0,80000078,c,0,1001200c,00000000,4,4
582,582,0,80000078,d,0,1001200c,00000000,4,4
583,583,0,80000078,d,0,1001200c,00000000,4,4
584,584,0,80000078,c,0,1001200c,00000000,4,4
585,585,0,80000078,c,0,1001200c,00000000,4,4
586,586,0,80000078,d,0,1001200c,00000000,4,4
587,587,0,80000078,c,0,1001200c,00000000,4,4
588,588,0,80000078,c,0,1001200c,00000000,4,4
589,589,0,80000078,d,0,1001200c,00000000,4,4
590,590,0,80000078,c,0,1001200c,00000000,4,4
591,591,0,80000078,c,0,1001200c,00000000,4,4
592,592,0,80000078,d,0,1001200c,00000000,4,4
593,593,0,80000078,c,0,1001200c,00000000,4,4
594,594,0,80000078,c,0,1001200c,00000000,4,4
595,595,0,80000078,d,0,1001200c,00000000,4,4
596,596,0,80000078,c,0,1001200c,00000000,4,4
597,597,0,80000078,c,0,1001200c,00000000,4,4
598,598,0,80000078,d,0,1001200c,00000000,4,4
599,599,0,80000078,d,0,1001200c,00000000,4,4
600,600,0,80000078,c,0,1001200c,00000000,4,4
601,601,0,80000078,d,0,1001200c,00000000,4,4
602,602,0,80000078,d,0,1001200c,00000000,4,4
603,603,0,80000078,c,0,1001200c,00000000,4,4
604,604,0,80000078,d,0,1001200c,00000000,4,4
605,605,0,80000078,d,0,1001200c,00000000,4,4
606,606,0,80000078,c,0,1001200c,00000000,4,4
607,607,0,80000078,d,0,1001200c,00000000,4,4
608,608,0,80000078,d,0,1001200c,00000000,4,4
609,609,0,80000078,c,0,1001200c,00000000,4,4
610,610,0,80000078,c,0,1001200c,00000000,4,4
611,611,0,80000078,d,0,1001200c,00000000,4,4
612,612,0,80000078,c,0,1001200c,00000000,4,4
613,613,0,80000078,c,0,1001200c,00000000,4,4
614,614,0,80000078,d,0,1001200c,00000000,4,4
615,615,0,80000078,c,0,1001200c,00000000,4,4
616,616,0,80000078,c,0,1001200c,00000000,4,4
617,617,0,80000078,d,0,1001200c,00000000,4,4
618,618,0,80000078,c,0,1001200c,00000000,4,4
619,619,0,80000078,c,0,1001200c,00000000,4,4
620,620,0,80000078,d,0,1001200c,00000000,4,4
621,621,0,80000078,c,0,1001200c,00000000,4,4
622,622,0,80000078,c,0,1001200c,00000000,4,4
623,623,0,80000078,d,0,1001200c,00000000,4,4
624,624,0,80000078,d,0,1001200c,00000000,4,4
625,625,0,80000078,c,0,1001200c,00000000,4,4
626,626,0,80000078,d,0,1001200c,00000000,4,4
627,627,0,80000078,d,0,1001200c,00000000,4,4
628,628,0,80000078,c,0,1001200c,00000000,4,4
629,629,0,80000078,d,0,1001200c,00000000,4,4
630,630,0,80000078,d,0,1001200c,00000000,4,4
631,631,0,80000078,c,0,1001200c,00000000,4,4
632,632,0,80000078,d,0,1001200c,00000000,4,4
633,633,0,80000078,d,0,1001200c,00000000,4,4
634,634,0,80000078,c,0,1001200c,00000000,4,4
635,635,0,80000078,c,0,1001200c,00000000,4,4
636,636,0,80000078,d,0,1001200c,00000000,4,4
637,637,0,80000078,c,0,1001200c,00000000,4,4
638,638,0,80000078,c,0,1001200c,00000000,4,4
639,639,0,80000078,d,0,1001200c,00000000,4,4
640,640,0,80000078,c,0,1001200c,00000000,4,4
641,641,0,80000078,c,0,1001200c,00000000,4,4
642,642,0,80000078,d,0,1001200c,00000000,4,4
643,643,0,80000078,c,0,1001200c,00000000,4,4
644,644,0,80000078,c,0,1001200c,00000000,4,4
645,645,0,80000078,d,0,1001200c,00000000,4,4
646,646,0,80000078,c,0,1001200c,00000000,4,4
647,647,0,80000078,c,0,1001200c,00000000,4,4
648,648,0,80000078,d,0,1001200c,00000000,4,4
649,649,0,80000078,d,0,1001200c,00000000,4,4
650,650,0,80000078,c,0,1001200c,00000000,4,4
651,651,0,80000078,d,0,1001200c,00000000,4,4
652,652,0,80000078,d,0,1001200c,00000000,4,4
653,653,0,80000078,c,0,1001200c,00000000,4,4
654,654,0,80000078,d,0,1001200c,00000000,4,4
655,655,0,80000078,d,0,1001200c,00000000,4,4
656,656,0,80000078,c,0,1001200c,00000000,4,4
657,657,0,80000078,d,0,1001200c,00000000,4,4
658,658,0,80000078,d,0,1001200c,00000000,4,4
659,659,0,80000078,c,0,1001200c,00000000,4,4
660,660,0,80000078,c,0,1001200c,00000000,4,4
661,661,0,80000078,d,0,1001200c,00000000,4,4
662,662,0,80000078,c,0,1001200c,00000000,4,4
663,663,0,80000078,c,0,1001200c,00000000,4,4
664,664,0,80000078,d,0,1001200c,00000000,4,4
665,665,0,80000078,c,0,1001200c,00000000,4,4
666,666,0,80000078,c,0,1001200c,00000000,4,4
667,667,0,80000078,d,0,1001200c,00000000,4,4
668,668,0,80000078,c,0,1001200c,00000000,4,4
669,669,0,80000078,c,0,1001200c,00000000,4,4
670,670,0,80000078,d,0,1001200c,00000000,4,4
671,671,0,80000078,c,0,1001200c,00000000,4,4
672,672,0,80000078,c,0,1001200c,00000000,4,4
673,673,0,80000078,d,0,1001200c,00000000,4,4
674,674,0,80000078,d,0,1001200c,00000000,4,4
675,675,0,80000078,c,0,1001200c,00000000,4,4
676,676,0,80000078,d,0,1001200c,00000000,4,4
677,677,0,80000078,d,0,1001200c,00000000,4,4
678,678,0,80000078,c,0,1001200c,00000000,4,4
679,679,0,80000078,d,0,1001200c,00000000,4,4
680,680,0,80000078,d,0,1001200c,00000000,4,4
681,681,0,80000078,c,0,1001200c,00000000,4,4
682,682,0,80000078,d,0,1001200c,00000000,4,4
683,683,0,80000078,d,0,1001200c,00000000,4,4
684,684,0,80000078,c,0,1001200c,00000000,4,4
685,685,0,80000078,c,0,1001200c,00000000,4,4
686,686,0,80000078,d,0,1001200c,00000000,4,4
687,687,0,80000078,c,0,1001200c,00000000,4,4
688,688,0,80000078,c,0,1001200c,00000000,4,4
689,689,0,80000078,d,0,1001200c,00000000,4,4
690,690,0,80000078,c,0,1001200c,00000000,4,4
691,691,0,80000078,c,0,1001200c,00000000,4,4
692,692,0,80000078,d,0,1001200c,00000000,4,4
693,693,0,80000078,c,0,1001200c,00000000,4,4
694,694,0,80000078,c,0,1001200c,00000000,4,4
695,695,0,80000078,d,0,1001200c,00000000,4,4
696,696,0,80000078,c,0,1001200c,00000000,4,4
697,697,0,80000078,c,0,1001200c,00000000,4,4
698,698,0,80000078,d,0,1001200c,00000000,4,4
699,699,0,80000078,d,0,1001200c,00000000,4,4
700,700,0,80000078,c,0,1001200c,00000000,4,4
701,701,0,80000078,d,0,1001200c,00000000,4,4
702,702,0,80000078,d,0,1001200c,00000000,4,4
703,703,0,80000078,c,0,1001200c,00000000,4,4
704,704,0,80000078,d,0,1001200c,00000000,4,4
705,705,0,80000078,d,0,1001200c,00000000,4,4
706,706,0,80000078,c,0,1001200c,00000000,4,4
707,707,0,80000078,d,0,1001200c,00000000,4,4
708,708,0,80000078,d,0,1001200c,00000000,4,4
709,709,0,80000078,c,0,1001200c,00000000,4,4
710,710,0,80000078,c,0,1001200c,00000000,4,4
711,711,0,80000078,d,0,1001200c,00000000,4,4
712,712,0,80000078,c,0,1001200c,00000000,4,4
713,713,0,80000078,c,0,1001200c,00000000,4,4
714,714,0,80000078,d,0,1001200c,00000000,4,4
715,715,0,80000078,c,0,1001200c,00000000,4,4
716,716,0,80000078,c,0,1001200c,00000000,4,4
717,717,0,80000078,d,0,1001200c,00000000,4,4
718,718,0,80000078,c,0,1001200c,00000000,4,4
719,719,0,80000078,c,0,1001200c,00000000,4,4
720,720,0,80000078,d,0,1001200c,00000000,4,4
721,721,0,80000078,c,0,1001200c,00000000,4,4
722,722,0,80000078,c,0,1001200c,00000000,4,4
723,723,0,80000078,d,0,1001200c,00000000,4,4
724,724,0,80000078,d,0,1001200c,00000000,4,4
725,725,0,80000078,c,0,1001200c,00000000,4,4
726,726,0,80000078,d,0,1001200c,00000000,4,4
727,727,0,80000078,d,0,1001200c,00000000,4,4
728,728,0,80000078,c,0,1001200c,00000000,4,4
729,729,0,80000078,d,0,1001200c,00000000,4,4
730,730,0,80000078,d,0,1001200c,00000000,4,4
731,731,0,80000078,c,0,1001200c,00000000,4,4
732,732,0,80000078,d,0,1001200c,00000000,4,4
733,733,0,80000078,d,0,1001200c,00000000,4,4
734,734,0,80000078,c,0,1001200c,00000000,4,4
735,735,0,80000078,c,0,1001200c,00000000,4,4
736,736,0,80000078,d,0,1001200c,00000000,4,4
737,737,0,80000078,c,0,1001200c,00000000,4,4
738,738,0,80000078,c,0,1001200c,00000000,4,4
739,739,0,80000078,d,0,1001200c,00000000,4,4
740,740,0,80000078,c,0,1001200c,00000000,4,4
741,741,0,80000078,c,0,1001200c,00000000,4,4
742,742,0,80000078,d,0,1001200c,00000000,4,4
743,743,0,80000078,c,0,1001200c,00000000,4,4
744,744,0,80000078,c,0,1001200c,00000000,4,4
745,745,0,80000078,d,0,1001200c,00000000,4,4
746,746,0,80000078,c,0,1001200c,00000000,4,4
747,747,0,80000078,c,0,1001200c,00000000,4,4
748,748,0,80000078,d,0,1001200c,00000000,4,4
749,749,0,80000078,d,0,1001200c,00000000,4,4
750,750,0,80000078,c,0,1001200c,00000000,4,4
751,751,0,80000078,d,0,1001200c,00000000,4,4
752,752,0,80000078,d,0,1001200c,00000000,4,4
753,753,0,80000078,c,0,1001200c,00000000,4,4
754,754,0,80000078,d,0,1001200c,00000000,4,4
755,755,0,80000078,d,0,1001200c,00000000,4,4
756,756,0,80000078,c,0,1001200c,00000000,4,4
757,757,0,80000078,d,0,1001200c,00000000,4,4
758,758,0,80000078,d,0,1001200c,00000000,4,4
759,759,0,80000078,c,0,1001200c,00000000,4,4
760,760,0,80000078,c,0,1001200c,00000000,4,4
761,761,0,80000078,d,0,1001200c,00000000,4,4
762,762,0,80000078,c,0,1001200c,00000000,4,4
763,763,0,80000078,c,0,1001200c,00000000,4,4
764,764,0,80000078,d,0,1001200c,00000000,4,4
765,765,0,80000078,c,0,1001200c,00000000,4,4
766,766,0,80000078,c,0,1001200c,00000000,4,4
767,767,0,80000078,d,0,1001200c,00000000,4,4
768,768,0,80000078,c,0,1001200c,00000000,4,4
769,769,0,80000078,c,0,1001200c,00000000,4,4
770,770,0,80000078,d,0,1001200c,00000000,4,4
771,771,0,80000078,c,0,1001200c,00000000,4,4
772,772,0,80000078,c,0,1001200c,00000000,4,4
773,773,0,80000078,d,0,1001200c,00000000,4,4
774,774,0,80000078,d,0,1001200c,00000000,4,4
775,775,0,80000078,c,0,1001200c,00000000,4,4
776,776,0,80000078,d,0,1001200c,00000000,4,4
777,777,0,80000078,d,0,1001200c,00000000,4,4
778,778,0,80000078,c,0,1001200c,00000000,4,4
779,779,0,80000078,d,0,1001200c,00000000,4,4
780,780,0,80000078,d,0,1001200c,00000000,4,4
781,781,0,80000078,c,0,1001200c,00000000,4,4
782,782,0,80000078,d,0,1001200c,00000000,4,4
783,783,0,80000078,d,0,1001200c,00000000,4,4
784,784,0,80000078,c,0,1001200c,00000000,4,4
785,785,0,80000078,c,0,1001200c,00000000,4,4
786,786,0,80000078,d,0,1001200c,00000000,4,4
787,787,0,80000078,c,0,1001200c,00000000,4,4
788,788,0,80000078,c,0,1001200c,00000000,4,4
789,789,0,80000078,d,0,1001200c,00000000,4,4
790,790,0,80000078,c,0,1001200c,00000000,4,4
791,791,0,80000078,c,0,1001200c,00000000,4,4
792,792,0,80000078,d,0,1001200c,00000000,4,4
793,793,0,80000078,c,0,1001200c,00000000,4,4
794,794,0,80000078,c,0,1001200c,00000000,4,4
795,795,0,80000078,d,0,1001200c,00000000,4,4
796,796,0,80000078,c,0,1001200c,00000000,4,4
797,797,0,80000078,c,0,1001200c,00000000,4,4
798,798,0,80000078,d,0,1001200c,00000000,4,4
799,799,0,80000078,d,0,1001200c,00000000,4,4
800,800,0,80000078,c,0,1001200c,00000000,4,4
801,801,0,80000078,d,0,1001200c,00000000,4,4
802,802,0,80000078,d,0,1001200c,00000000,4,4
803,803,0,80000078,c,0,1001200c,00000000,4,4
804,804,0,80000078,d,0,1001200c,00000000,4,4
805,805,0,80000078,d,0,1001200c,00000000,4,4
806,806,0,80000078,c,0,1001200c,00000000,4,4
807,807,0,80000078,d,0,1001200c,00000000,4,4
808,808,0,80000078,d,0,1001200c,00000000,4,4
809,809,0,80000078,c,0,1001200c,00000000,4,4
810,810,0,80000078,c,0,1001200c,00000000,4,4
811,811,0,80000078,d,0,1001200c,00000000,4,4
812,812,0,80000078,c,0,1001200c,00000000,4,4
813,813,0,80000078,c,0,1001200c,00000000,4,4
814,814,0,80000078,d,0,1001200c,00000000,4,4
815,815,0,80000078,c,0,1001200c,00000000,4,4
816,816,0,80000078,c,0,1001200c,00000000,4,4
817,817,0,80000078,d,0,1001200c,00000000,4,4
818,818,0,80000078,c,0,1001200c,00000000,4,4
819,819,0,80000078,c,0,1001200c,00000000,4,4
820,820,0,80000078,d,0,1001200c,00000000,4,4
821,821,0,80000078,c,0,1001200c,00000000,4,4
822,822,0,80000078,c,0,1001200c,00000000,4,4
823,823,0,80000078,d,0,1001200c,00000000,4,4
824,824,0,80000078,d,0,1001200c,00000000,4,4
825,825,0,80000078,c,0,1001200c,00000000,4,4
826,826,0,80000078,d,0,1001200c,00000000,4,4
827,827,0,80000078,d,0,1001200c,00000000,4,4
828,828,0,80000078,c,0,1001200c,00000000,4,4
829,829,0,80000078,d,0,1001200c,00000000,4,4
830,830,0,80000078,d,0,1001200c,00000000,4,4
831,831,0,80000078,c,0,1001200c,00000000,4,4
832,832,0,80000078,d,0,1001200c,00000000,4,4
833,833,0,80000078,d,0,1001200c,00000000,4,4
834,834,0,80000078,c,0,1001200c,00000000,4,4
835,835,0,80000078,c,0,1001200c,00000000,4,4
836,836,0,80000078,d,0,1001200c,00000000,4,4
837,837,0,80000078,c,0,1001200c,00000000,4,4
838,838,0,80000078,c,0,1001200c,00000000,4,4
839,839,0,80000078,d,0,1001200c,00000000,4,4
840,840,0,80000078,c,0,1001200c,00000000,4,4
841,841,0,80000078,c,0,1001200c,00000000,4,4
842,842,0,80000078,d,0,1001200c,00000000,4,4
843,843,0,80000078,c,0,1001200c,00000000,4,4
844,844,0,80000078,c,0,1001200c,00000000,4,4
845,845,0,80000078,d,0,1001200c,00000000,4,4
846,846,0,80000078,c,0,1001200c,00000000,4,4
847,847,0,80000078,c,0,1001200c,00000000,4,4
848,848,0,80000078,d,0,1001200c,00000000,4,4
849,849,0,80000078,d,0,1001200c,00000000,4,4
850,850,0,80000078,c,0,1001200c,00000000,4,4
851,851,0,80000078,d,0,1001200c,00000000,4,4
852,852,0,80000078,d,0,1001200c,00000000,4,4
853,853,0,80000078,c,0,1001200c,00000000,4,4
854,854,0,80000078,d,0,1001200c,00000000,4,4
855,855,0,80000078,d,0,1001200c,00000000,4,4
856,856,0,80000078,c,0,1001200c,00000000,4,4
857,857,0,80000078,d,0,1001200c,00000000,4,4
858,858,0,80000078,d,0,1001200c,00000000,4,4
859,859,0,80000078,c,0,1001200c,00000000,4,4
860,860,0,80000078,c,0,1001200c,00000000,4,4
861,861,0,80000078,d,0,1001200c,00000000,4,4
862,862,0,80000078,c,0,1001200c,00000000,4,4
863,863,0,80000078,c,0,1001200c,00000000,4,4
864,864,0,80000078,d,0,1001200c,00000000,4,4
865,865,0,80000078,c,0,1001200c,00000000,4,4
866,866,0,80000078,c,0,1001200c,00000000,4,4
867,867,0,80000078,d,0,1001200c,00000000,4,4
868,868,0,80000078,c,0,1001200c,00000000,4,4
869,869,0,80000078,c,0,1001200c,00000000,4,4
870,870,0,80000078,d,0,1001200c,00000000,4,4
871,871,0,80000078,c,0,1001200c,00000000,4,4
872,872,0,80000078,c,0,1001200c,00000000,4,4
873,873,0,80000078,d,0,1001200c,00000000,4,4
874,874,0,80000078,d,0,1001200c,00000000,4,4
875,875,0,80000078,c,0,1001200c,00000000,4,4
876,876,0,80000078,d,0,1001200c,00000000,4,4
877,877,0,80000078,d,0,1001200c,00000000,4,4
878,878,0,80000078,c,0,1001200c,00000000,4,4
879,879,0,80000078,d,0,1001200c,00000000,4,4
880,880,0,80000078,d,0,1001200c,00000000,4,4
881,881,0,80000078,c,0,1001200c,00000000,4,4
882,882,0,80000078,d,0,1001200c,00000000,4,4
883,883,0,80000078,d,0,1001200c,00000000,4,4
884,884,0,80000078,c,0,1001200c,00000000,4,4
885,885,0,80000078,c,0,1001200c,00000000,4,4
886,886,0,80000078,d,0,1001200c,00000000,4,4
887,887,0,80000078,c,0,1001200c,00000000,4,4
888,888,0,80000078,c,0,1001200c,00000000,4,4
889,889,0,80000078,d,0,1001200c,00000000,4,4
890,890,0,80000078,c,0,1001200c,00000000,4,4
891,891,0,80000078,c,0,1001200c,00000000,4,4
892,892,0,80000078,d,0,1001200c,00000000,4,4
893,893,0,80000078,c,0,1001200c,00000000,4,4
894,894,0,80000078,c,0,1001200c,00000000,4,4
895,895,0,80000078,d,0,1001200c,00000000,4,4
896,896,0,80000078,c,0,1001200c,00000000,4,4
897,897,0,80000078,c,0,1001200c,00000000,4,4
898,898,0,80000078,d,0,1001200c,00000000,4,4
899,899,0,80000078,d,0,1001200c,00000000,4,4
900,900,0,80000078,c,0,1001200c,00000000,4,4
901,901,0,80000078,d,0,1001200c,00000000,4,4
902,902,0,80000078,d,0,1001200c,00000000,4,4
903,903,0,80000078,c,0,1001200c,00000000,4,4
904,904,0,80000078,d,0,1001200c,00000000,4,4
905,905,0,80000078,d,0,1001200c,00000000,4,4
906,906,0,80000078,c,0,1001200c,00000000,4,4
907,907,0,80000078,d,0,1001200c,00000000,4,4
908,908,0,80000078,d,0,1001200c,00000000,4,4
909,909,0,80000078,c,0,1001200c,00000000,4,4
910,910,0,80000078,c,0,1001200c,00000000,4,4
911,911,0,80000078,d,0,1001200c,00000000,4,4
912,912,0,80000078,c,0,1001200c,00000000,4,4
913,913,0,80000078,c,0,1001200c,00000000,4,4
914,914,0,80000078,d,0,1001200c,00000000,4,4
915,915,0,80000078,c,0,1001200c,00000000,4,4
916,916,0,80000078,c,0,1001200c,00000000,4,4
917,917,0,80000078,d,0,1001200c,00000000,4,4
918,918,0,80000078,c,0,1001200c,00000000,4,4
919,919,0,80000078,c,0,1001200c,00000000,4,4
920,920,0,80000078,d,0,1001200c,00000000,4,4
921,921,0,80000078,c,0,1001200c,00000000,4,4
922,922,0,80000078,c,0,1001200c,00000000,4,4
923,923,0,80000078,d,0,1001200c,00000000,4,4
924,924,0,80000078,d,0,1001200c,00000000,4,4
925,925,0,80000078,c,0,1001200c,00000000,4,4
926,926,0,80000078,d,0,1001200c,00000000,4,4
927,927,0,80000078,d,0,1001200c,00000000,4,4
928,928,0,80000078,c,0,1001200c,00000000,4,4
929,929,0,80000078,d,0,1001200c,00000000,4,4
930,930,0,80000078,d,0,1001200c,00000000,4,4
931,931,0,80000078,c,0,1001200c,00000000,4,4
932,932,0,80000078,d,0,1001200c,00000000,4,4
933,933,0,80000078,d,0,1001200c,00000000,4,4
934,934,0,80000078,c,0,1001200c,00000000,4,4
935,935,0,80000078,c,0,1001200c,00000000,4,4
936,936,0,80000078,d,0,1001200c,00000000,4,4
937,937,0,80000078,c,0,1001200c,00000000,4,4
938,938,0,80000078,c,0,1001200c,00000000,4,4
939,939,0,80000078,d,0,1001200c,00000000,4,4
940,940,0,80000078,c,0,1001200c,00000000,4,4
941,941,0,80000078,c,0,1001200c,00000000,4,4
942,942,0,80000078,d,0,1001200c,00000000,4,4
943,943,0,80000078,c,0,1001200c,00000000,4,4
944,944,0,80000078,c,0,1001200c,00000000,4,4
945,945,0,80000078,d,0,1001200c,00000000,4,4
946,946,0,80000078,c,0,1001200c,00000000,4,4
947,947,0,80000078,c,0,1001200c,00000000,4,4
948,948,0,80000078,d,0,1001200c,00000000,4,4
949,949,0,80000078,d,0,1001200c,00000000,4,4
950,950,0,80000078,c,0,1001200c,00000000,4,4
951,951,0,80000078,d,0,1001200c,00000000,4,4
952,952,0,80000078,d,0,1001200c,00000000,4,4
953,953,0,80000078,c,0,1001200c,00000000,4,4
954,954,0,80000078,d,0,1001200c,00000000,4,4
955,955,0,80000078,d,0,1001200c,00000000,4,4
956,956,0,80000078,c,0,1001200c,00000000,4,4
957,957,0,80000078,d,0,1001200c,00000000,4,4
958,958,0,80000078,d,0,1001200c,00000000,4,4
959,959,0,80000078,c,0,1001200c,00000000,4,4
960,960,0,80000078,c,0,1001200c,00000000,4,4
961,961,0,80000078,d,0,1001200c,00000000,4,4
962,962,0,80000078,c,0,1001200c,00000000,4,4
963,963,0,80000078,c,0,1001200c,00000000,4,4
964,964,0,80000078,d,0,1001200c,00000000,4,4
965,965,0,80000078,c,0,1001200c,00000000,4,4
966,966,0,80000078,c,0,1001200c,00000000,4,4
967,967,0,80000078,d,0,1001200c,00000000,4,4
968,968,0,80000078,c,0,1001200c,00000000,4,4
969,969,0,80000078,c,0,1001200c,00000000,4,4
970,970,0,80000078,d,0,1001200c,00000000,4,4
971,971,0,80000078,c,0,1001200c,00000000,4,4
972,972,0,80000078,c,0,1001200c,00000000,4,4
973,973,0,80000078,d,0,1001200c,00000000,4,4
974,974,0,80000078,d,0,1001200c,00000000,4,4
975,975,0,80000078,c,0,1001200c,00000000,4,4
976,976,0,80000078,d,0,1001200c,00000000,4,4
977,977,0,80000078,d,0,1001200c,00000000,4,4
978,978,0,80000078,c,0,1001200c,00000000,4,4
979,979,0,80000078,d,0,1001200c,00000000,4,4
980,980,0,80000078,d,0,1001200c,00000000,4,4
981,981,0,80000078,c,0,1001200c,00000000,4,4
982,982,0,80000078,d,0,1001200c,00000000,4,4
983,983,0,80000078,d,0,1001200c,00000000,4,4
984,984,0,80000078,c,0,1001200c,00000000,4,4
985,985,0,80000078,c,0,1001200c,00000000,4,4
986,986,0,80000078,d,0,1001200c,00000000,4,4
987,987,0,80000078,c,0,1001200c,00000000,4,4
988,988,0,80000078,c,0,1001200c,00000000,4,4
989,989,0,80000078,d,0,1001200c,00000000,4,4
990,990,0,80000078,c,0,1001200c,00000000,4,4
991,991,0,80000078,c,0,1001200c,00000000,4,4
992,992,0,80000078,d,0,1001200c,00000000,4,4
993,993,0,80000078,c,0,1001200c,00000000,4,4
994,994,0,80000078,c,0,1001200c,00000000,4,4
995,995,0,80000078,d,0,1001200c,00000000,4,4
996,996,0,80000078,c,0,1001200c,00000000,4,4
997,997,0,80000078,c,0,1001200c,00000000,4,4
998,998,0,80000078,d,0,1001200c,00000000,4,4
999,999,0,80000078,d,0,1001200c,00000000,4,4
1000,1000,0,80000078,c,0,1001200c,00000000,4,4
1001,1001,0,80000078,d,0,1001200c,00000000,4,4
1002,1002,0,80000078,d,0,1001200c,00000000,4,4
1003,1003,0,80000078,c,0,1001200c,00000000,4,4
1004,1004,0,80000078,d,0,1001200c,00000000,4,4
1005,1005,0,80000078,d,0,1001200c,00000000,4,4
1006,1006,0,80000078,c,0,1001200c,00000000,4,4
1007,1007,0,80000078,d,0,1001200c,00000000,4,4
1008,1008,0,80000078,d,0,1001200c,00000000,4,4
1009,1009,0,80000078,c,0,1001200c,00000000,4,4
1010,1010,0,80000078,c,0,1001200c,00000000,4,4
1011,1011,0,80000078,d,0,1001200c,00000000,4,4
1012,1012,0,80000078,c,0,1001200c,00000000,4,4
1013,1013,0,80000078,c,0,1001200c,00000000,4,4
1014,1014,0,80000078,d,0,1001200c,00000000,4,4
1015,1015,0,80000078,c,0,1001200c,00000000,4,4
1016,1016,0,80000078,c,0,1001200c,00000000,4,4
1017,1017,0,80000078,d,0,1001200c,00000000,4,4
1018,1018,0,80000078,c,0,1001200c,00000000,4,4
1019,1019,0,80000078,c,0,1001200c,00000000,4,4
1020,1020,0,80000078,d,0,1001200c,00000000,4,4
1021,1021,0,80000078,c,0,1001200c,00000000,4,4
1022,1022,0,80000078,c,0,1001200c,00000000,4,4
1023,1023,0,80000078,d,0,1001200c,00000000,4,4
