Sample in Buffer,Sample in Window,TRIGGER,probe0_counter[31:0],probe1_reset[3:0],probe2_inputs[2:0],probe3_zero[31:0],probe4_zero[31:0],probe5_jtag[3:0],probe6_status[2:0]
Radix - UNSIGNED,UNSIGNED,UNSIGNED,HEX,HEX,HEX,HEX,HEX,HEX,HEX
0,0,0,01595fdb,c,7,00000000,00000000,f,4
1,1,0,01595fdc,c,7,00000000,00000000,f,4
2,2,0,01595fdd,c,7,00000000,00000000,f,4
3,3,0,01595fde,c,7,00000000,00000000,f,4
4,4,0,01595fdf,c,7,00000000,00000000,f,4
5,5,0,01595fe0,c,7,00000000,00000000,f,4
6,6,0,01595fe1,c,7,00000000,00000000,f,4
7,7,0,01595fe2,c,7,00000000,00000000,f,4
8,8,0,01595fe3,c,7,00000000,00000000,f,4
9,9,0,01595fe4,c,7,00000000,00000000,f,4
10,10,0,01595fe5,c,7,00000000,00000000,f,4
11,11,0,01595fe6,c,7,00000000,00000000,f,4
12,12,0,01595fe7,c,7,00000000,00000000,f,4
13,13,0,01595fe8,c,7,00000000,00000000,f,4
14,14,0,01595fe9,c,7,00000000,00000000,f,4
15,15,0,01595fea,c,7,00000000,00000000,f,4
16,16,0,01595feb,c,7,00000000,00000000,f,4
17,17,0,01595fec,c,7,00000000,00000000,f,4
18,18,0,01595fed,c,7,00000000,00000000,f,4
19,19,0,01595fee,c,7,00000000,00000000,f,4
20,20,0,01595fef,c,7,00000000,00000000,f,4
21,21,0,01595ff0,c,7,00000000,00000000,f,4
22,22,0,01595ff1,c,7,00000000,00000000,f,4
23,23,0,01595ff2,c,7,00000000,00000000,f,4
24,24,0,01595ff3,c,7,00000000,00000000,f,4
25,25,0,01595ff4,c,7,00000000,00000000,f,4
26,26,0,01595ff5,c,7,00000000,00000000,f,4
27,27,0,01595ff6,c,7,00000000,00000000,f,4
28,28,0,01595ff7,c,7,00000000,00000000,f,4
29,29,0,01595ff8,c,7,00000000,00000000,f,4
30,30,0,01595ff9,c,7,00000000,00000000,f,4
31,31,0,01595ffa,c,7,00000000,00000000,f,4
32,32,0,01595ffb,c,7,00000000,00000000,f,4
33,33,0,01595ffc,c,7,00000000,00000000,f,4
34,34,0,01595ffd,c,7,00000000,00000000,f,4
35,35,0,01595ffe,c,7,00000000,00000000,f,4
36,36,0,01595fff,c,7,00000000,00000000,f,4
37,37,0,01596000,c,7,00000000,00000000,f,4
38,38,0,01596001,c,7,00000000,00000000,f,4
39,39,0,01596002,c,7,00000000,00000000,f,4
40,40,0,01596003,c,7,00000000,00000000,f,4
41,41,0,01596004,c,7,00000000,00000000,f,4
42,42,0,01596005,c,7,00000000,00000000,f,4
43,43,0,01596006,c,7,00000000,00000000,f,4
44,44,0,01596007,c,7,00000000,00000000,f,4
45,45,0,01596008,c,7,00000000,00000000,f,4
46,46,0,01596009,c,7,00000000,00000000,f,4
47,47,0,0159600a,c,7,00000000,00000000,f,4
48,48,0,0159600b,c,7,00000000,00000000,f,4
49,49,0,0159600c,c,7,00000000,00000000,f,4
50,50,0,0159600d,c,7,00000000,00000000,f,4
51,51,0,0159600e,c,7,00000000,00000000,f,4
52,52,0,0159600f,c,7,00000000,00000000,f,4
53,53,0,01596010,c,7,00000000,00000000,f,4
54,54,0,01596011,c,7,00000000,00000000,f,4
55,55,0,01596012,c,7,00000000,00000000,f,4
56,56,0,01596013,c,7,00000000,00000000,f,4
57,57,0,01596014,c,7,00000000,00000000,f,4
58,58,0,01596015,c,7,00000000,00000000,f,4
59,59,0,01596016,c,7,00000000,00000000,f,4
60,60,0,01596017,c,7,00000000,00000000,f,4
61,61,0,01596018,c,7,00000000,00000000,f,4
62,62,0,01596019,c,7,00000000,00000000,f,4
63,63,0,0159601a,c,7,00000000,00000000,f,4
64,64,0,0159601b,c,7,00000000,00000000,f,4
65,65,0,0159601c,c,7,00000000,00000000,f,4
66,66,0,0159601d,c,7,00000000,00000000,f,4
67,67,0,0159601e,c,7,00000000,00000000,f,4
68,68,0,0159601f,c,7,00000000,00000000,f,4
69,69,0,01596020,c,7,00000000,00000000,f,4
70,70,0,01596021,c,7,00000000,00000000,f,4
71,71,0,01596022,c,7,00000000,00000000,f,4
72,72,0,01596023,c,7,00000000,00000000,f,4
73,73,0,01596024,c,7,00000000,00000000,f,4
74,74,0,01596025,c,7,00000000,00000000,f,4
75,75,0,01596026,c,7,00000000,00000000,f,4
76,76,0,01596027,c,7,00000000,00000000,f,4
77,77,0,01596028,c,7,00000000,00000000,f,4
78,78,0,01596029,c,7,00000000,00000000,f,4
79,79,0,0159602a,c,7,00000000,00000000,f,4
80,80,0,0159602b,c,7,00000000,00000000,f,4
81,81,0,0159602c,c,7,00000000,00000000,f,4
82,82,0,0159602d,c,7,00000000,00000000,f,4
83,83,0,0159602e,c,7,00000000,00000000,f,4
84,84,0,0159602f,c,7,00000000,00000000,f,4
85,85,0,01596030,c,7,00000000,00000000,f,4
86,86,0,01596031,c,7,00000000,00000000,f,4
87,87,0,01596032,c,7,00000000,00000000,f,4
88,88,0,01596033,c,7,00000000,00000000,f,4
89,89,0,01596034,c,7,00000000,00000000,f,4
90,90,0,01596035,c,7,00000000,00000000,f,4
91,91,0,01596036,c,7,00000000,00000000,f,4
92,92,0,01596037,c,7,00000000,00000000,f,4
93,93,0,01596038,c,7,00000000,00000000,f,4
94,94,0,01596039,c,7,00000000,00000000,f,4
95,95,0,0159603a,c,7,00000000,00000000,f,4
96,96,0,0159603b,c,7,00000000,00000000,f,4
97,97,0,0159603c,c,7,00000000,00000000,f,4
98,98,0,0159603d,c,7,00000000,00000000,f,4
99,99,0,0159603e,c,7,00000000,00000000,f,4
100,100,0,0159603f,c,7,00000000,00000000,f,4
101,101,0,01596040,c,7,00000000,00000000,f,4
102,102,0,01596041,c,7,00000000,00000000,f,4
103,103,0,01596042,c,7,00000000,00000000,f,4
104,104,0,01596043,c,7,00000000,00000000,f,4
105,105,0,01596044,c,7,00000000,00000000,f,4
106,106,0,01596045,c,7,00000000,00000000,f,4
107,107,0,01596046,c,7,00000000,00000000,f,4
108,108,0,01596047,c,7,00000000,00000000,f,4
109,109,0,01596048,c,7,00000000,00000000,f,4
110,110,0,01596049,c,7,00000000,00000000,f,4
111,111,0,0159604a,c,7,00000000,00000000,f,4
112,112,0,0159604b,c,7,00000000,00000000,f,4
113,113,0,0159604c,c,7,00000000,00000000,f,4
114,114,0,0159604d,c,7,00000000,00000000,f,4
115,115,0,0159604e,c,7,00000000,00000000,f,4
116,116,0,0159604f,c,7,00000000,00000000,f,4
117,117,0,01596050,c,7,00000000,00000000,f,4
118,118,0,01596051,c,7,00000000,00000000,f,4
119,119,0,01596052,c,7,00000000,00000000,f,4
120,120,0,01596053,c,7,00000000,00000000,f,4
121,121,0,01596054,c,7,00000000,00000000,f,4
122,122,0,01596055,c,7,00000000,00000000,f,4
123,123,0,01596056,c,7,00000000,00000000,f,4
124,124,0,01596057,c,7,00000000,00000000,f,4
125,125,0,01596058,c,7,00000000,00000000,f,4
126,126,0,01596059,c,7,00000000,00000000,f,4
127,127,0,0159605a,c,7,00000000,00000000,f,4
128,128,0,0159605b,c,7,00000000,00000000,f,4
129,129,0,0159605c,c,7,00000000,00000000,f,4
130,130,0,0159605d,c,7,00000000,00000000,f,4
131,131,0,0159605e,c,7,00000000,00000000,f,4
132,132,0,0159605f,c,7,00000000,00000000,f,4
133,133,0,01596060,c,7,00000000,00000000,f,4
134,134,0,01596061,c,7,00000000,00000000,f,4
135,135,0,01596062,c,7,00000000,00000000,f,4
136,136,0,01596063,c,7,00000000,00000000,f,4
137,137,0,01596064,c,7,00000000,00000000,f,4
138,138,0,01596065,c,7,00000000,00000000,f,4
139,139,0,01596066,c,7,00000000,00000000,f,4
140,140,0,01596067,c,7,00000000,00000000,f,4
141,141,0,01596068,c,7,00000000,00000000,f,4
142,142,0,01596069,c,7,00000000,00000000,f,4
143,143,0,0159606a,c,7,00000000,00000000,f,4
144,144,0,0159606b,c,7,00000000,00000000,f,4
145,145,0,0159606c,c,7,00000000,00000000,f,4
146,146,0,0159606d,c,7,00000000,00000000,f,4
147,147,0,0159606e,c,7,00000000,00000000,f,4
148,148,0,0159606f,c,7,00000000,00000000,f,4
149,149,0,01596070,c,7,00000000,00000000,f,4
150,150,0,01596071,c,7,00000000,00000000,f,4
151,151,0,01596072,c,7,00000000,00000000,f,4
152,152,0,01596073,c,7,00000000,00000000,f,4
153,153,0,01596074,c,7,00000000,00000000,f,4
154,154,0,01596075,c,7,00000000,00000000,f,4
155,155,0,01596076,c,7,00000000,00000000,f,4
156,156,0,01596077,c,7,00000000,00000000,f,4
157,157,0,01596078,c,7,00000000,00000000,f,4
158,158,0,01596079,c,7,00000000,00000000,f,4
159,159,0,0159607a,c,7,00000000,00000000,f,4
160,160,0,0159607b,c,7,00000000,00000000,f,4
161,161,0,0159607c,c,7,00000000,00000000,f,4
162,162,0,0159607d,c,7,00000000,00000000,f,4
163,163,0,0159607e,c,7,00000000,00000000,f,4
164,164,0,0159607f,c,7,00000000,00000000,f,4
165,165,0,01596080,c,7,00000000,00000000,f,4
166,166,0,01596081,c,7,00000000,00000000,f,4
167,167,0,01596082,c,7,00000000,00000000,f,4
168,168,0,01596083,c,7,00000000,00000000,f,4
169,169,0,01596084,c,7,00000000,00000000,f,4
170,170,0,01596085,c,7,00000000,00000000,f,4
171,171,0,01596086,c,7,00000000,00000000,f,4
172,172,0,01596087,c,7,00000000,00000000,f,4
173,173,0,01596088,c,7,00000000,00000000,f,4
174,174,0,01596089,c,7,00000000,00000000,f,4
175,175,0,0159608a,c,7,00000000,00000000,f,4
176,176,0,0159608b,c,7,00000000,00000000,f,4
177,177,0,0159608c,c,7,00000000,00000000,f,4
178,178,0,0159608d,c,7,00000000,00000000,f,4
179,179,0,0159608e,c,7,00000000,00000000,f,4
180,180,0,0159608f,c,7,00000000,00000000,f,4
181,181,0,01596090,c,7,00000000,00000000,f,4
182,182,0,01596091,c,7,00000000,00000000,f,4
183,183,0,01596092,c,7,00000000,00000000,f,4
184,184,0,01596093,c,7,00000000,00000000,f,4
185,185,0,01596094,c,7,00000000,00000000,f,4
186,186,0,01596095,c,7,00000000,00000000,f,4
187,187,0,01596096,c,7,00000000,00000000,f,4
188,188,0,01596097,c,7,00000000,00000000,f,4
189,189,0,01596098,c,7,00000000,00000000,f,4
190,190,0,01596099,c,7,00000000,00000000,f,4
191,191,0,0159609a,c,7,00000000,00000000,f,4
192,192,0,0159609b,c,7,00000000,00000000,f,4
193,193,0,0159609c,c,7,00000000,00000000,f,4
194,194,0,0159609d,c,7,00000000,00000000,f,4
195,195,0,0159609e,c,7,00000000,00000000,f,4
196,196,0,0159609f,c,7,00000000,00000000,f,4
197,197,0,015960a0,c,7,00000000,00000000,f,4
198,198,0,015960a1,c,7,00000000,00000000,f,4
199,199,0,015960a2,c,7,00000000,00000000,f,4
200,200,0,015960a3,c,7,00000000,00000000,f,4
201,201,0,015960a4,c,7,00000000,00000000,f,4
202,202,0,015960a5,c,7,00000000,00000000,f,4
203,203,0,015960a6,c,7,00000000,00000000,f,4
204,204,0,015960a7,c,7,00000000,00000000,f,4
205,205,0,015960a8,c,7,00000000,00000000,f,4
206,206,0,015960a9,c,7,00000000,00000000,f,4
207,207,0,015960aa,c,7,00000000,00000000,f,4
208,208,0,015960ab,c,7,00000000,00000000,f,4
209,209,0,015960ac,c,7,00000000,00000000,f,4
210,210,0,015960ad,c,7,00000000,00000000,f,4
211,211,0,015960ae,c,7,00000000,00000000,f,4
212,212,0,015960af,c,7,00000000,00000000,f,4
213,213,0,015960b0,c,7,00000000,00000000,f,4
214,214,0,015960b1,c,7,00000000,00000000,f,4
215,215,0,015960b2,c,7,00000000,00000000,f,4
216,216,0,015960b3,c,7,00000000,00000000,f,4
217,217,0,015960b4,c,7,00000000,00000000,f,4
218,218,0,015960b5,c,7,00000000,00000000,f,4
219,219,0,015960b6,c,7,00000000,00000000,f,4
220,220,0,015960b7,c,7,00000000,00000000,f,4
221,221,0,015960b8,c,7,00000000,00000000,f,4
222,222,0,015960b9,c,7,00000000,00000000,f,4
223,223,0,015960ba,c,7,00000000,00000000,f,4
224,224,0,015960bb,c,7,00000000,00000000,f,4
225,225,0,015960bc,c,7,00000000,00000000,f,4
226,226,0,015960bd,c,7,00000000,00000000,f,4
227,227,0,015960be,c,7,00000000,00000000,f,4
228,228,0,015960bf,c,7,00000000,00000000,f,4
229,229,0,015960c0,c,7,00000000,00000000,f,4
230,230,0,015960c1,c,7,00000000,00000000,f,4
231,231,0,015960c2,c,7,00000000,00000000,f,4
232,232,0,015960c3,c,7,00000000,00000000,f,4
233,233,0,015960c4,c,7,00000000,00000000,f,4
234,234,0,015960c5,c,7,00000000,00000000,f,4
235,235,0,015960c6,c,7,00000000,00000000,f,4
236,236,0,015960c7,c,7,00000000,00000000,f,4
237,237,0,015960c8,c,7,00000000,00000000,f,4
238,238,0,015960c9,c,7,00000000,00000000,f,4
239,239,0,015960ca,c,7,00000000,00000000,f,4
240,240,0,015960cb,c,7,00000000,00000000,f,4
241,241,0,015960cc,c,7,00000000,00000000,f,4
242,242,0,015960cd,c,7,00000000,00000000,f,4
243,243,0,015960ce,c,7,00000000,00000000,f,4
244,244,0,015960cf,c,7,00000000,00000000,f,4
245,245,0,015960d0,c,7,00000000,00000000,f,4
246,246,0,015960d1,c,7,00000000,00000000,f,4
247,247,0,015960d2,c,7,00000000,00000000,f,4
248,248,0,015960d3,c,7,00000000,00000000,f,4
249,249,0,015960d4,c,7,00000000,00000000,f,4
250,250,0,015960d5,c,7,00000000,00000000,f,4
251,251,0,015960d6,c,7,00000000,00000000,f,4
252,252,0,015960d7,c,7,00000000,00000000,f,4
253,253,0,015960d8,c,7,00000000,00000000,f,4
254,254,0,015960d9,c,7,00000000,00000000,f,4
255,255,0,015960da,c,7,00000000,00000000,f,4
256,256,0,015960db,c,7,00000000,00000000,f,4
257,257,0,015960dc,c,7,00000000,00000000,f,4
258,258,0,015960dd,c,7,00000000,00000000,f,4
259,259,0,015960de,c,7,00000000,00000000,f,4
260,260,0,015960df,c,7,00000000,00000000,f,4
261,261,0,015960e0,c,7,00000000,00000000,f,4
262,262,0,015960e1,c,7,00000000,00000000,f,4
263,263,0,015960e2,c,7,00000000,00000000,f,4
264,264,0,015960e3,c,7,00000000,00000000,f,4
265,265,0,015960e4,c,7,00000000,00000000,f,4
266,266,0,015960e5,c,7,00000000,00000000,f,4
267,267,0,015960e6,c,7,00000000,00000000,f,4
268,268,0,015960e7,c,7,00000000,00000000,f,4
269,269,0,015960e8,c,7,00000000,00000000,f,4
270,270,0,015960e9,c,7,00000000,00000000,f,4
271,271,0,015960ea,c,7,00000000,00000000,f,4
272,272,0,015960eb,c,7,00000000,00000000,f,4
273,273,0,015960ec,c,7,00000000,00000000,f,4
274,274,0,015960ed,c,7,00000000,00000000,f,4
275,275,0,015960ee,c,7,00000000,00000000,f,4
276,276,0,015960ef,c,7,00000000,00000000,f,4
277,277,0,015960f0,c,7,00000000,00000000,f,4
278,278,0,015960f1,c,7,00000000,00000000,f,4
279,279,0,015960f2,c,7,00000000,00000000,f,4
280,280,0,015960f3,c,7,00000000,00000000,f,4
281,281,0,015960f4,c,7,00000000,00000000,f,4
282,282,0,015960f5,c,7,00000000,00000000,f,4
283,283,0,015960f6,c,7,00000000,00000000,f,4
284,284,0,015960f7,c,7,00000000,00000000,f,4
285,285,0,015960f8,c,7,00000000,00000000,f,4
286,286,0,015960f9,c,7,00000000,00000000,f,4
287,287,0,015960fa,c,7,00000000,00000000,f,4
288,288,0,015960fb,c,7,00000000,00000000,f,4
289,289,0,015960fc,c,7,00000000,00000000,f,4
290,290,0,015960fd,c,7,00000000,00000000,f,4
291,291,0,015960fe,c,7,00000000,00000000,f,4
292,292,0,015960ff,c,7,00000000,00000000,f,4
293,293,0,01596100,c,7,00000000,00000000,f,4
294,294,0,01596101,c,7,00000000,00000000,f,4
295,295,0,01596102,c,7,00000000,00000000,f,4
296,296,0,01596103,c,7,00000000,00000000,f,4
297,297,0,01596104,c,7,00000000,00000000,f,4
298,298,0,01596105,c,7,00000000,00000000,f,4
299,299,0,01596106,c,7,00000000,00000000,f,4
300,300,0,01596107,c,7,00000000,00000000,f,4
301,301,0,01596108,c,7,00000000,00000000,f,4
302,302,0,01596109,c,7,00000000,00000000,f,4
303,303,0,0159610a,c,7,00000000,00000000,f,4
304,304,0,0159610b,c,7,00000000,00000000,f,4
305,305,0,0159610c,c,7,00000000,00000000,f,4
306,306,0,0159610d,c,7,00000000,00000000,f,4
307,307,0,0159610e,c,7,00000000,00000000,f,4
308,308,0,0159610f,c,7,00000000,00000000,f,4
309,309,0,01596110,c,7,00000000,00000000,f,4
310,310,0,01596111,c,7,00000000,00000000,f,4
311,311,0,01596112,c,7,00000000,00000000,f,4
312,312,0,01596113,c,7,00000000,00000000,f,4
313,313,0,01596114,c,7,00000000,00000000,f,4
314,314,0,01596115,c,7,00000000,00000000,f,4
315,315,0,01596116,c,7,00000000,00000000,f,4
316,316,0,01596117,c,7,00000000,00000000,f,4
317,317,0,01596118,c,7,00000000,00000000,f,4
318,318,0,01596119,c,7,00000000,00000000,f,4
319,319,0,0159611a,c,7,00000000,00000000,f,4
320,320,0,0159611b,c,7,00000000,00000000,f,4
321,321,0,0159611c,c,7,00000000,00000000,f,4
322,322,0,0159611d,c,7,00000000,00000000,f,4
323,323,0,0159611e,c,7,00000000,00000000,f,4
324,324,0,0159611f,c,7,00000000,00000000,f,4
325,325,0,01596120,c,7,00000000,00000000,f,4
326,326,0,01596121,c,7,00000000,00000000,f,4
327,327,0,01596122,c,7,00000000,00000000,f,4
328,328,0,01596123,c,7,00000000,00000000,f,4
329,329,0,01596124,c,7,00000000,00000000,f,4
330,330,0,01596125,c,7,00000000,00000000,f,4
331,331,0,01596126,c,7,00000000,00000000,f,4
332,332,0,01596127,c,7,00000000,00000000,f,4
333,333,0,01596128,c,7,00000000,00000000,f,4
334,334,0,01596129,c,7,00000000,00000000,f,4
335,335,0,0159612a,c,7,00000000,00000000,f,4
336,336,0,0159612b,c,7,00000000,00000000,f,4
337,337,0,0159612c,c,7,00000000,00000000,f,4
338,338,0,0159612d,c,7,00000000,00000000,f,4
339,339,0,0159612e,c,7,00000000,00000000,f,4
340,340,0,0159612f,c,7,00000000,00000000,f,4
341,341,0,01596130,c,7,00000000,00000000,f,4
342,342,0,01596131,c,7,00000000,00000000,f,4
343,343,0,01596132,c,7,00000000,00000000,f,4
344,344,0,01596133,c,7,00000000,00000000,f,4
345,345,0,01596134,c,7,00000000,00000000,f,4
346,346,0,01596135,c,7,00000000,00000000,f,4
347,347,0,01596136,c,7,00000000,00000000,f,4
348,348,0,01596137,c,7,00000000,00000000,f,4
349,349,0,01596138,c,7,00000000,00000000,f,4
350,350,0,01596139,c,7,00000000,00000000,f,4
351,351,0,0159613a,c,7,00000000,00000000,f,4
352,352,0,0159613b,c,7,00000000,00000000,f,4
353,353,0,0159613c,c,7,00000000,00000000,f,4
354,354,0,0159613d,c,7,00000000,00000000,f,4
355,355,0,0159613e,c,7,00000000,00000000,f,4
356,356,0,0159613f,c,7,00000000,00000000,f,4
357,357,0,01596140,c,7,00000000,00000000,f,4
358,358,0,01596141,c,7,00000000,00000000,f,4
359,359,0,01596142,c,7,00000000,00000000,f,4
360,360,0,01596143,c,7,00000000,00000000,f,4
361,361,0,01596144,c,7,00000000,00000000,f,4
362,362,0,01596145,c,7,00000000,00000000,f,4
363,363,0,01596146,c,7,00000000,00000000,f,4
364,364,0,01596147,c,7,00000000,00000000,f,4
365,365,0,01596148,c,7,00000000,00000000,f,4
366,366,0,01596149,c,7,00000000,00000000,f,4
367,367,0,0159614a,c,7,00000000,00000000,f,4
368,368,0,0159614b,c,7,00000000,00000000,f,4
369,369,0,0159614c,c,7,00000000,00000000,f,4
370,370,0,0159614d,c,7,00000000,00000000,f,4
371,371,0,0159614e,c,7,00000000,00000000,f,4
372,372,0,0159614f,c,7,00000000,00000000,f,4
373,373,0,01596150,c,7,00000000,00000000,f,4
374,374,0,01596151,c,7,00000000,00000000,f,4
375,375,0,01596152,c,7,00000000,00000000,f,4
376,376,0,01596153,c,7,00000000,00000000,f,4
377,377,0,01596154,c,7,00000000,00000000,f,4
378,378,0,01596155,c,7,00000000,00000000,f,4
379,379,0,01596156,c,7,00000000,00000000,f,4
380,380,0,01596157,c,7,00000000,00000000,f,4
381,381,0,01596158,c,7,00000000,00000000,f,4
382,382,0,01596159,c,7,00000000,00000000,f,4
383,383,0,0159615a,c,7,00000000,00000000,f,4
384,384,0,0159615b,c,7,00000000,00000000,f,4
385,385,0,0159615c,c,7,00000000,00000000,f,4
386,386,0,0159615d,c,7,00000000,00000000,f,4
387,387,0,0159615e,c,7,00000000,00000000,f,4
388,388,0,0159615f,c,7,00000000,00000000,f,4
389,389,0,01596160,c,7,00000000,00000000,f,4
390,390,0,01596161,c,7,00000000,00000000,f,4
391,391,0,01596162,c,7,00000000,00000000,f,4
392,392,0,01596163,c,7,00000000,00000000,f,4
393,393,0,01596164,c,7,00000000,00000000,f,4
394,394,0,01596165,c,7,00000000,00000000,f,4
395,395,0,01596166,c,7,00000000,00000000,f,4
396,396,0,01596167,c,7,00000000,00000000,f,4
397,397,0,01596168,c,7,00000000,00000000,f,4
398,398,0,01596169,c,7,00000000,00000000,f,4
399,399,0,0159616a,c,7,00000000,00000000,f,4
400,400,0,0159616b,c,7,00000000,00000000,f,4
401,401,0,0159616c,c,7,00000000,00000000,f,4
402,402,0,0159616d,c,7,00000000,00000000,f,4
403,403,0,0159616e,c,7,00000000,00000000,f,4
404,404,0,0159616f,c,7,00000000,00000000,f,4
405,405,0,01596170,c,7,00000000,00000000,f,4
406,406,0,01596171,c,7,00000000,00000000,f,4
407,407,0,01596172,c,7,00000000,00000000,f,4
408,408,0,01596173,c,7,00000000,00000000,f,4
409,409,0,01596174,c,7,00000000,00000000,f,4
410,410,0,01596175,c,7,00000000,00000000,f,4
411,411,0,01596176,c,7,00000000,00000000,f,4
412,412,0,01596177,c,7,00000000,00000000,f,4
413,413,0,01596178,c,7,00000000,00000000,f,4
414,414,0,01596179,c,7,00000000,00000000,f,4
415,415,0,0159617a,c,7,00000000,00000000,f,4
416,416,0,0159617b,c,7,00000000,00000000,f,4
417,417,0,0159617c,c,7,00000000,00000000,f,4
418,418,0,0159617d,c,7,00000000,00000000,f,4
419,419,0,0159617e,c,7,00000000,00000000,f,4
420,420,0,0159617f,c,7,00000000,00000000,f,4
421,421,0,01596180,c,7,00000000,00000000,f,4
422,422,0,01596181,c,7,00000000,00000000,f,4
423,423,0,01596182,c,7,00000000,00000000,f,4
424,424,0,01596183,c,7,00000000,00000000,f,4
425,425,0,01596184,c,7,00000000,00000000,f,4
426,426,0,01596185,c,7,00000000,00000000,f,4
427,427,0,01596186,c,7,00000000,00000000,f,4
428,428,0,01596187,c,7,00000000,00000000,f,4
429,429,0,01596188,c,7,00000000,00000000,f,4
430,430,0,01596189,c,7,00000000,00000000,f,4
431,431,0,0159618a,c,7,00000000,00000000,f,4
432,432,0,0159618b,c,7,00000000,00000000,f,4
433,433,0,0159618c,c,7,00000000,00000000,f,4
434,434,0,0159618d,c,7,00000000,00000000,f,4
435,435,0,0159618e,c,7,00000000,00000000,f,4
436,436,0,0159618f,c,7,00000000,00000000,f,4
437,437,0,01596190,c,7,00000000,00000000,f,4
438,438,0,01596191,c,7,00000000,00000000,f,4
439,439,0,01596192,c,7,00000000,00000000,f,4
440,440,0,01596193,c,7,00000000,00000000,f,4
441,441,0,01596194,c,7,00000000,00000000,f,4
442,442,0,01596195,c,7,00000000,00000000,f,4
443,443,0,01596196,c,7,00000000,00000000,f,4
444,444,0,01596197,c,7,00000000,00000000,f,4
445,445,0,01596198,c,7,00000000,00000000,f,4
446,446,0,01596199,c,7,00000000,00000000,f,4
447,447,0,0159619a,c,7,00000000,00000000,f,4
448,448,0,0159619b,c,7,00000000,00000000,f,4
449,449,0,0159619c,c,7,00000000,00000000,f,4
450,450,0,0159619d,c,7,00000000,00000000,f,4
451,451,0,0159619e,c,7,00000000,00000000,f,4
452,452,0,0159619f,c,7,00000000,00000000,f,4
453,453,0,015961a0,c,7,00000000,00000000,f,4
454,454,0,015961a1,c,7,00000000,00000000,f,4
455,455,0,015961a2,c,7,00000000,00000000,f,4
456,456,0,015961a3,c,7,00000000,00000000,f,4
457,457,0,015961a4,c,7,00000000,00000000,f,4
458,458,0,015961a5,c,7,00000000,00000000,f,4
459,459,0,015961a6,c,7,00000000,00000000,f,4
460,460,0,015961a7,c,7,00000000,00000000,f,4
461,461,0,015961a8,c,7,00000000,00000000,f,4
462,462,0,015961a9,c,7,00000000,00000000,f,4
463,463,0,015961aa,c,7,00000000,00000000,f,4
464,464,0,015961ab,c,7,00000000,00000000,f,4
465,465,0,015961ac,c,7,00000000,00000000,f,4
466,466,0,015961ad,c,7,00000000,00000000,f,4
467,467,0,015961ae,c,7,00000000,00000000,f,4
468,468,0,015961af,c,7,00000000,00000000,f,4
469,469,0,015961b0,c,7,00000000,00000000,f,4
470,470,0,015961b1,c,7,00000000,00000000,f,4
471,471,0,015961b2,c,7,00000000,00000000,f,4
472,472,0,015961b3,c,7,00000000,00000000,f,4
473,473,0,015961b4,c,7,00000000,00000000,f,4
474,474,0,015961b5,c,7,00000000,00000000,f,4
475,475,0,015961b6,c,7,00000000,00000000,f,4
476,476,0,015961b7,c,7,00000000,00000000,f,4
477,477,0,015961b8,c,7,00000000,00000000,f,4
478,478,0,015961b9,c,7,00000000,00000000,f,4
479,479,0,015961ba,c,7,00000000,00000000,f,4
480,480,0,015961bb,c,7,00000000,00000000,f,4
481,481,0,015961bc,c,7,00000000,00000000,f,4
482,482,0,015961bd,c,7,00000000,00000000,f,4
483,483,0,015961be,c,7,00000000,00000000,f,4
484,484,0,015961bf,c,7,00000000,00000000,f,4
485,485,0,015961c0,c,7,00000000,00000000,f,4
486,486,0,015961c1,c,7,00000000,00000000,f,4
487,487,0,015961c2,c,7,00000000,00000000,f,4
488,488,0,015961c3,c,7,00000000,00000000,f,4
489,489,0,015961c4,c,7,00000000,00000000,f,4
490,490,0,015961c5,c,7,00000000,00000000,f,4
491,491,0,015961c6,c,7,00000000,00000000,f,4
492,492,0,015961c7,c,7,00000000,00000000,f,4
493,493,0,015961c8,c,7,00000000,00000000,f,4
494,494,0,015961c9,c,7,00000000,00000000,f,4
495,495,0,015961ca,c,7,00000000,00000000,f,4
496,496,0,015961cb,c,7,00000000,00000000,f,4
497,497,0,015961cc,c,7,00000000,00000000,f,4
498,498,0,015961cd,c,7,00000000,00000000,f,4
499,499,0,015961ce,c,7,00000000,00000000,f,4
500,500,0,015961cf,c,7,00000000,00000000,f,4
501,501,0,015961d0,c,7,00000000,00000000,f,4
502,502,0,015961d1,c,7,00000000,00000000,f,4
503,503,0,015961d2,c,7,00000000,00000000,f,4
504,504,0,015961d3,c,7,00000000,00000000,f,4
505,505,0,015961d4,c,7,00000000,00000000,f,4
506,506,0,015961d5,c,7,00000000,00000000,f,4
507,507,0,015961d6,c,7,00000000,00000000,f,4
508,508,0,015961d7,c,7,00000000,00000000,f,4
509,509,0,015961d8,c,7,00000000,00000000,f,4
510,510,0,015961d9,c,7,00000000,00000000,f,4
511,511,0,015961da,c,7,00000000,00000000,f,4
512,512,1,015961db,c,7,00000000,00000000,f,4
513,513,0,015961dc,c,7,00000000,00000000,f,4
514,514,0,015961dd,c,7,00000000,00000000,f,4
515,515,0,015961de,c,7,00000000,00000000,f,4
516,516,0,015961df,c,7,00000000,00000000,f,4
517,517,0,015961e0,c,7,00000000,00000000,f,4
518,518,0,015961e1,c,7,00000000,00000000,f,4
519,519,0,015961e2,c,7,00000000,00000000,f,4
520,520,0,015961e3,c,7,00000000,00000000,f,4
521,521,0,015961e4,c,7,00000000,00000000,f,4
522,522,0,015961e5,c,7,00000000,00000000,f,4
523,523,0,015961e6,c,7,00000000,00000000,f,4
524,524,0,015961e7,c,7,00000000,00000000,f,4
525,525,0,015961e8,c,7,00000000,00000000,f,4
526,526,0,015961e9,c,7,00000000,00000000,f,4
527,527,0,015961ea,c,7,00000000,00000000,f,4
528,528,0,015961eb,c,7,00000000,00000000,f,4
529,529,0,015961ec,c,7,00000000,00000000,f,4
530,530,0,015961ed,c,7,00000000,00000000,f,4
531,531,0,015961ee,c,7,00000000,00000000,f,4
532,532,0,015961ef,c,7,00000000,00000000,f,4
533,533,0,015961f0,c,7,00000000,00000000,f,4
534,534,0,015961f1,c,7,00000000,00000000,f,4
535,535,0,015961f2,c,7,00000000,00000000,f,4
536,536,0,015961f3,c,7,00000000,00000000,f,4
537,537,0,015961f4,c,7,00000000,00000000,f,4
538,538,0,015961f5,c,7,00000000,00000000,f,4
539,539,0,015961f6,c,7,00000000,00000000,f,4
540,540,0,015961f7,c,7,00000000,00000000,f,4
541,541,0,015961f8,c,7,00000000,00000000,f,4
542,542,0,015961f9,c,7,00000000,00000000,f,4
543,543,0,015961fa,c,7,00000000,00000000,f,4
544,544,0,015961fb,c,7,00000000,00000000,f,4
545,545,0,015961fc,c,7,00000000,00000000,f,4
546,546,0,015961fd,c,7,00000000,00000000,f,4
547,547,0,015961fe,c,7,00000000,00000000,f,4
548,548,0,015961ff,c,7,00000000,00000000,f,4
549,549,0,01596200,c,7,00000000,00000000,f,4
550,550,0,01596201,c,7,00000000,00000000,f,4
551,551,0,01596202,c,7,00000000,00000000,f,4
552,552,0,01596203,c,7,00000000,00000000,f,4
553,553,0,01596204,c,7,00000000,00000000,f,4
554,554,0,01596205,c,7,00000000,00000000,f,4
555,555,0,01596206,c,7,00000000,00000000,f,4
556,556,0,01596207,c,7,00000000,00000000,f,4
557,557,0,01596208,c,7,00000000,00000000,f,4
558,558,0,01596209,c,7,00000000,00000000,f,4
559,559,0,0159620a,c,7,00000000,00000000,f,4
560,560,0,0159620b,c,7,00000000,00000000,f,4
561,561,0,0159620c,c,7,00000000,00000000,f,4
562,562,0,0159620d,c,7,00000000,00000000,f,4
563,563,0,0159620e,c,7,00000000,00000000,f,4
564,564,0,0159620f,c,7,00000000,00000000,f,4
565,565,0,01596210,c,7,00000000,00000000,f,4
566,566,0,01596211,c,7,00000000,00000000,f,4
567,567,0,01596212,c,7,00000000,00000000,f,4
568,568,0,01596213,c,7,00000000,00000000,f,4
569,569,0,01596214,c,7,00000000,00000000,f,4
570,570,0,01596215,c,7,00000000,00000000,f,4
571,571,0,01596216,c,7,00000000,00000000,f,4
572,572,0,01596217,c,7,00000000,00000000,f,4
573,573,0,01596218,c,7,00000000,00000000,f,4
574,574,0,01596219,c,7,00000000,00000000,f,4
575,575,0,0159621a,c,7,00000000,00000000,f,4
576,576,0,0159621b,c,7,00000000,00000000,f,4
577,577,0,0159621c,c,7,00000000,00000000,f,4
578,578,0,0159621d,c,7,00000000,00000000,f,4
579,579,0,0159621e,c,7,00000000,00000000,f,4
580,580,0,0159621f,c,7,00000000,00000000,f,4
581,581,0,01596220,c,7,00000000,00000000,f,4
582,582,0,01596221,c,7,00000000,00000000,f,4
583,583,0,01596222,c,7,00000000,00000000,f,4
584,584,0,01596223,c,7,00000000,00000000,f,4
585,585,0,01596224,c,7,00000000,00000000,f,4
586,586,0,01596225,c,7,00000000,00000000,f,4
587,587,0,01596226,c,7,00000000,00000000,f,4
588,588,0,01596227,c,7,00000000,00000000,f,4
589,589,0,01596228,c,7,00000000,00000000,f,4
590,590,0,01596229,c,7,00000000,00000000,f,4
591,591,0,0159622a,c,7,00000000,00000000,f,4
592,592,0,0159622b,c,7,00000000,00000000,f,4
593,593,0,0159622c,c,7,00000000,00000000,f,4
594,594,0,0159622d,c,7,00000000,00000000,f,4
595,595,0,0159622e,c,7,00000000,00000000,f,4
596,596,0,0159622f,c,7,00000000,00000000,f,4
597,597,0,01596230,c,7,00000000,00000000,f,4
598,598,0,01596231,c,7,00000000,00000000,f,4
599,599,0,01596232,c,7,00000000,00000000,f,4
600,600,0,01596233,c,7,00000000,00000000,f,4
601,601,0,01596234,c,7,00000000,00000000,f,4
602,602,0,01596235,c,7,00000000,00000000,f,4
603,603,0,01596236,c,7,00000000,00000000,f,4
604,604,0,01596237,c,7,00000000,00000000,f,4
605,605,0,01596238,c,7,00000000,00000000,f,4
606,606,0,01596239,c,7,00000000,00000000,f,4
607,607,0,0159623a,c,7,00000000,00000000,f,4
608,608,0,0159623b,c,7,00000000,00000000,f,4
609,609,0,0159623c,c,7,00000000,00000000,f,4
610,610,0,0159623d,c,7,00000000,00000000,f,4
611,611,0,0159623e,c,7,00000000,00000000,f,4
612,612,0,0159623f,c,7,00000000,00000000,f,4
613,613,0,01596240,c,7,00000000,00000000,f,4
614,614,0,01596241,c,7,00000000,00000000,f,4
615,615,0,01596242,c,7,00000000,00000000,f,4
616,616,0,01596243,c,7,00000000,00000000,f,4
617,617,0,01596244,c,7,00000000,00000000,f,4
618,618,0,01596245,c,7,00000000,00000000,f,4
619,619,0,01596246,c,7,00000000,00000000,f,4
620,620,0,01596247,c,7,00000000,00000000,f,4
621,621,0,01596248,c,7,00000000,00000000,f,4
622,622,0,01596249,c,7,00000000,00000000,f,4
623,623,0,0159624a,c,7,00000000,00000000,f,4
624,624,0,0159624b,c,7,00000000,00000000,f,4
625,625,0,0159624c,c,7,00000000,00000000,f,4
626,626,0,0159624d,c,7,00000000,00000000,f,4
627,627,0,0159624e,c,7,00000000,00000000,f,4
628,628,0,0159624f,c,7,00000000,00000000,f,4
629,629,0,01596250,c,7,00000000,00000000,f,4
630,630,0,01596251,c,7,00000000,00000000,f,4
631,631,0,01596252,c,7,00000000,00000000,f,4
632,632,0,01596253,c,7,00000000,00000000,f,4
633,633,0,01596254,c,7,00000000,00000000,f,4
634,634,0,01596255,c,7,00000000,00000000,f,4
635,635,0,01596256,c,7,00000000,00000000,f,4
636,636,0,01596257,c,7,00000000,00000000,f,4
637,637,0,01596258,c,7,00000000,00000000,f,4
638,638,0,01596259,c,7,00000000,00000000,f,4
639,639,0,0159625a,c,7,00000000,00000000,f,4
640,640,0,0159625b,c,7,00000000,00000000,f,4
641,641,0,0159625c,c,7,00000000,00000000,f,4
642,642,0,0159625d,c,7,00000000,00000000,f,4
643,643,0,0159625e,c,7,00000000,00000000,f,4
644,644,0,0159625f,c,7,00000000,00000000,f,4
645,645,0,01596260,c,7,00000000,00000000,f,4
646,646,0,01596261,c,7,00000000,00000000,f,4
647,647,0,01596262,c,7,00000000,00000000,f,4
648,648,0,01596263,c,7,00000000,00000000,f,4
649,649,0,01596264,c,7,00000000,00000000,f,4
650,650,0,01596265,c,7,00000000,00000000,f,4
651,651,0,01596266,c,7,00000000,00000000,f,4
652,652,0,01596267,c,7,00000000,00000000,f,4
653,653,0,01596268,c,7,00000000,00000000,f,4
654,654,0,01596269,c,7,00000000,00000000,f,4
655,655,0,0159626a,c,7,00000000,00000000,f,4
656,656,0,0159626b,c,7,00000000,00000000,f,4
657,657,0,0159626c,c,7,00000000,00000000,f,4
658,658,0,0159626d,c,7,00000000,00000000,f,4
659,659,0,0159626e,c,7,00000000,00000000,f,4
660,660,0,0159626f,c,7,00000000,00000000,f,4
661,661,0,01596270,c,7,00000000,00000000,f,4
662,662,0,01596271,c,7,00000000,00000000,f,4
663,663,0,01596272,c,7,00000000,00000000,f,4
664,664,0,01596273,c,7,00000000,00000000,f,4
665,665,0,01596274,c,7,00000000,00000000,f,4
666,666,0,01596275,c,7,00000000,00000000,f,4
667,667,0,01596276,c,7,00000000,00000000,f,4
668,668,0,01596277,c,7,00000000,00000000,f,4
669,669,0,01596278,c,7,00000000,00000000,f,4
670,670,0,01596279,c,7,00000000,00000000,f,4
671,671,0,0159627a,c,7,00000000,00000000,f,4
672,672,0,0159627b,c,7,00000000,00000000,f,4
673,673,0,0159627c,c,7,00000000,00000000,f,4
674,674,0,0159627d,c,7,00000000,00000000,f,4
675,675,0,0159627e,c,7,00000000,00000000,f,4
676,676,0,0159627f,c,7,00000000,00000000,f,4
677,677,0,01596280,c,7,00000000,00000000,f,4
678,678,0,01596281,c,7,00000000,00000000,f,4
679,679,0,01596282,c,7,00000000,00000000,f,4
680,680,0,01596283,c,7,00000000,00000000,f,4
681,681,0,01596284,c,7,00000000,00000000,f,4
682,682,0,01596285,c,7,00000000,00000000,f,4
683,683,0,01596286,c,7,00000000,00000000,f,4
684,684,0,01596287,c,7,00000000,00000000,f,4
685,685,0,01596288,c,7,00000000,00000000,f,4
686,686,0,01596289,c,7,00000000,00000000,f,4
687,687,0,0159628a,c,7,00000000,00000000,f,4
688,688,0,0159628b,c,7,00000000,00000000,f,4
689,689,0,0159628c,c,7,00000000,00000000,f,4
690,690,0,0159628d,c,7,00000000,00000000,f,4
691,691,0,0159628e,c,7,00000000,00000000,f,4
692,692,0,0159628f,c,7,00000000,00000000,f,4
693,693,0,01596290,c,7,00000000,00000000,f,4
694,694,0,01596291,c,7,00000000,00000000,f,4
695,695,0,01596292,c,7,00000000,00000000,f,4
696,696,0,01596293,c,7,00000000,00000000,f,4
697,697,0,01596294,c,7,00000000,00000000,f,4
698,698,0,01596295,c,7,00000000,00000000,f,4
699,699,0,01596296,c,7,00000000,00000000,f,4
700,700,0,01596297,c,7,00000000,00000000,f,4
701,701,0,01596298,c,7,00000000,00000000,f,4
702,702,0,01596299,c,7,00000000,00000000,f,4
703,703,0,0159629a,c,7,00000000,00000000,f,4
704,704,0,0159629b,c,7,00000000,00000000,f,4
705,705,0,0159629c,c,7,00000000,00000000,f,4
706,706,0,0159629d,c,7,00000000,00000000,f,4
707,707,0,0159629e,c,7,00000000,00000000,f,4
708,708,0,0159629f,c,7,00000000,00000000,f,4
709,709,0,015962a0,c,7,00000000,00000000,f,4
710,710,0,015962a1,c,7,00000000,00000000,f,4
711,711,0,015962a2,c,7,00000000,00000000,f,4
712,712,0,015962a3,c,7,00000000,00000000,f,4
713,713,0,015962a4,c,7,00000000,00000000,f,4
714,714,0,015962a5,c,7,00000000,00000000,f,4
715,715,0,015962a6,c,7,00000000,00000000,f,4
716,716,0,015962a7,c,7,00000000,00000000,f,4
717,717,0,015962a8,c,7,00000000,00000000,f,4
718,718,0,015962a9,c,7,00000000,00000000,f,4
719,719,0,015962aa,c,7,00000000,00000000,f,4
720,720,0,015962ab,c,7,00000000,00000000,f,4
721,721,0,015962ac,c,7,00000000,00000000,f,4
722,722,0,015962ad,c,7,00000000,00000000,f,4
723,723,0,015962ae,c,7,00000000,00000000,f,4
724,724,0,015962af,c,7,00000000,00000000,f,4
725,725,0,015962b0,c,7,00000000,00000000,f,4
726,726,0,015962b1,c,7,00000000,00000000,f,4
727,727,0,015962b2,c,7,00000000,00000000,f,4
728,728,0,015962b3,c,7,00000000,00000000,f,4
729,729,0,015962b4,c,7,00000000,00000000,f,4
730,730,0,015962b5,c,7,00000000,00000000,f,4
731,731,0,015962b6,c,7,00000000,00000000,f,4
732,732,0,015962b7,c,7,00000000,00000000,f,4
733,733,0,015962b8,c,7,00000000,00000000,f,4
734,734,0,015962b9,c,7,00000000,00000000,f,4
735,735,0,015962ba,c,7,00000000,00000000,f,4
736,736,0,015962bb,c,7,00000000,00000000,f,4
737,737,0,015962bc,c,7,00000000,00000000,f,4
738,738,0,015962bd,c,7,00000000,00000000,f,4
739,739,0,015962be,c,7,00000000,00000000,f,4
740,740,0,015962bf,c,7,00000000,00000000,f,4
741,741,0,015962c0,c,7,00000000,00000000,f,4
742,742,0,015962c1,c,7,00000000,00000000,f,4
743,743,0,015962c2,c,7,00000000,00000000,f,4
744,744,0,015962c3,c,7,00000000,00000000,f,4
745,745,0,015962c4,c,7,00000000,00000000,f,4
746,746,0,015962c5,c,7,00000000,00000000,f,4
747,747,0,015962c6,c,7,00000000,00000000,f,4
748,748,0,015962c7,c,7,00000000,00000000,f,4
749,749,0,015962c8,c,7,00000000,00000000,f,4
750,750,0,015962c9,c,7,00000000,00000000,f,4
751,751,0,015962ca,c,7,00000000,00000000,f,4
752,752,0,015962cb,c,7,00000000,00000000,f,4
753,753,0,015962cc,c,7,00000000,00000000,f,4
754,754,0,015962cd,c,7,00000000,00000000,f,4
755,755,0,015962ce,c,7,00000000,00000000,f,4
756,756,0,015962cf,c,7,00000000,00000000,f,4
757,757,0,015962d0,c,7,00000000,00000000,f,4
758,758,0,015962d1,c,7,00000000,00000000,f,4
759,759,0,015962d2,c,7,00000000,00000000,f,4
760,760,0,015962d3,c,7,00000000,00000000,f,4
761,761,0,015962d4,c,7,00000000,00000000,f,4
762,762,0,015962d5,c,7,00000000,00000000,f,4
763,763,0,015962d6,c,7,00000000,00000000,f,4
764,764,0,015962d7,c,7,00000000,00000000,f,4
765,765,0,015962d8,c,7,00000000,00000000,f,4
766,766,0,015962d9,c,7,00000000,00000000,f,4
767,767,0,015962da,c,7,00000000,00000000,f,4
768,768,0,015962db,c,7,00000000,00000000,f,4
769,769,0,015962dc,c,7,00000000,00000000,f,4
770,770,0,015962dd,c,7,00000000,00000000,f,4
771,771,0,015962de,c,7,00000000,00000000,f,4
772,772,0,015962df,c,7,00000000,00000000,f,4
773,773,0,015962e0,c,7,00000000,00000000,f,4
774,774,0,015962e1,c,7,00000000,00000000,f,4
775,775,0,015962e2,c,7,00000000,00000000,f,4
776,776,0,015962e3,c,7,00000000,00000000,f,4
777,777,0,015962e4,c,7,00000000,00000000,f,4
778,778,0,015962e5,c,7,00000000,00000000,f,4
779,779,0,015962e6,c,7,00000000,00000000,f,4
780,780,0,015962e7,c,7,00000000,00000000,f,4
781,781,0,015962e8,c,7,00000000,00000000,f,4
782,782,0,015962e9,c,7,00000000,00000000,f,4
783,783,0,015962ea,c,7,00000000,00000000,f,4
784,784,0,015962eb,c,7,00000000,00000000,f,4
785,785,0,015962ec,c,7,00000000,00000000,f,4
786,786,0,015962ed,c,7,00000000,00000000,f,4
787,787,0,015962ee,c,7,00000000,00000000,f,4
788,788,0,015962ef,c,7,00000000,00000000,f,4
789,789,0,015962f0,c,7,00000000,00000000,f,4
790,790,0,015962f1,c,7,00000000,00000000,f,4
791,791,0,015962f2,c,7,00000000,00000000,f,4
792,792,0,015962f3,c,7,00000000,00000000,f,4
793,793,0,015962f4,c,7,00000000,00000000,f,4
794,794,0,015962f5,c,7,00000000,00000000,f,4
795,795,0,015962f6,c,7,00000000,00000000,f,4
796,796,0,015962f7,c,7,00000000,00000000,f,4
797,797,0,015962f8,c,7,00000000,00000000,f,4
798,798,0,015962f9,c,7,00000000,00000000,f,4
799,799,0,015962fa,c,7,00000000,00000000,f,4
800,800,0,015962fb,c,7,00000000,00000000,f,4
801,801,0,015962fc,c,7,00000000,00000000,f,4
802,802,0,015962fd,c,7,00000000,00000000,f,4
803,803,0,015962fe,c,7,00000000,00000000,f,4
804,804,0,015962ff,c,7,00000000,00000000,f,4
805,805,0,01596300,c,7,00000000,00000000,f,4
806,806,0,01596301,c,7,00000000,00000000,f,4
807,807,0,01596302,c,7,00000000,00000000,f,4
808,808,0,01596303,c,7,00000000,00000000,f,4
809,809,0,01596304,c,7,00000000,00000000,f,4
810,810,0,01596305,c,7,00000000,00000000,f,4
811,811,0,01596306,c,7,00000000,00000000,f,4
812,812,0,01596307,c,7,00000000,00000000,f,4
813,813,0,01596308,c,7,00000000,00000000,f,4
814,814,0,01596309,c,7,00000000,00000000,f,4
815,815,0,0159630a,c,7,00000000,00000000,f,4
816,816,0,0159630b,c,7,00000000,00000000,f,4
817,817,0,0159630c,c,7,00000000,00000000,f,4
818,818,0,0159630d,c,7,00000000,00000000,f,4
819,819,0,0159630e,c,7,00000000,00000000,f,4
820,820,0,0159630f,c,7,00000000,00000000,f,4
821,821,0,01596310,c,7,00000000,00000000,f,4
822,822,0,01596311,c,7,00000000,00000000,f,4
823,823,0,01596312,c,7,00000000,00000000,f,4
824,824,0,01596313,c,7,00000000,00000000,f,4
825,825,0,01596314,c,7,00000000,00000000,f,4
826,826,0,01596315,c,7,00000000,00000000,f,4
827,827,0,01596316,c,7,00000000,00000000,f,4
828,828,0,01596317,c,7,00000000,00000000,f,4
829,829,0,01596318,c,7,00000000,00000000,f,4
830,830,0,01596319,c,7,00000000,00000000,f,4
831,831,0,0159631a,c,7,00000000,00000000,f,4
832,832,0,0159631b,c,7,00000000,00000000,f,4
833,833,0,0159631c,c,7,00000000,00000000,f,4
834,834,0,0159631d,c,7,00000000,00000000,f,4
835,835,0,0159631e,c,7,00000000,00000000,f,4
836,836,0,0159631f,c,7,00000000,00000000,f,4
837,837,0,01596320,c,7,00000000,00000000,f,4
838,838,0,01596321,c,7,00000000,00000000,f,4
839,839,0,01596322,c,7,00000000,00000000,f,4
840,840,0,01596323,c,7,00000000,00000000,f,4
841,841,0,01596324,c,7,00000000,00000000,f,4
842,842,0,01596325,c,7,00000000,00000000,f,4
843,843,0,01596326,c,7,00000000,00000000,f,4
844,844,0,01596327,c,7,00000000,00000000,f,4
845,845,0,01596328,c,7,00000000,00000000,f,4
846,846,0,01596329,c,7,00000000,00000000,f,4
847,847,0,0159632a,c,7,00000000,00000000,f,4
848,848,0,0159632b,c,7,00000000,00000000,f,4
849,849,0,0159632c,c,7,00000000,00000000,f,4
850,850,0,0159632d,c,7,00000000,00000000,f,4
851,851,0,0159632e,c,7,00000000,00000000,f,4
852,852,0,0159632f,c,7,00000000,00000000,f,4
853,853,0,01596330,c,7,00000000,00000000,f,4
854,854,0,01596331,c,7,00000000,00000000,f,4
855,855,0,01596332,c,7,00000000,00000000,f,4
856,856,0,01596333,c,7,00000000,00000000,f,4
857,857,0,01596334,c,7,00000000,00000000,f,4
858,858,0,01596335,c,7,00000000,00000000,f,4
859,859,0,01596336,c,7,00000000,00000000,f,4
860,860,0,01596337,c,7,00000000,00000000,f,4
861,861,0,01596338,c,7,00000000,00000000,f,4
862,862,0,01596339,c,7,00000000,00000000,f,4
863,863,0,0159633a,c,7,00000000,00000000,f,4
864,864,0,0159633b,c,7,00000000,00000000,f,4
865,865,0,0159633c,c,7,00000000,00000000,f,4
866,866,0,0159633d,c,7,00000000,00000000,f,4
867,867,0,0159633e,c,7,00000000,00000000,f,4
868,868,0,0159633f,c,7,00000000,00000000,f,4
869,869,0,01596340,c,7,00000000,00000000,f,4
870,870,0,01596341,c,7,00000000,00000000,f,4
871,871,0,01596342,c,7,00000000,00000000,f,4
872,872,0,01596343,c,7,00000000,00000000,f,4
873,873,0,01596344,c,7,00000000,00000000,f,4
874,874,0,01596345,c,7,00000000,00000000,f,4
875,875,0,01596346,c,7,00000000,00000000,f,4
876,876,0,01596347,c,7,00000000,00000000,f,4
877,877,0,01596348,c,7,00000000,00000000,f,4
878,878,0,01596349,c,7,00000000,00000000,f,4
879,879,0,0159634a,c,7,00000000,00000000,f,4
880,880,0,0159634b,c,7,00000000,00000000,f,4
881,881,0,0159634c,c,7,00000000,00000000,f,4
882,882,0,0159634d,c,7,00000000,00000000,f,4
883,883,0,0159634e,c,7,00000000,00000000,f,4
884,884,0,0159634f,c,7,00000000,00000000,f,4
885,885,0,01596350,c,7,00000000,00000000,f,4
886,886,0,01596351,c,7,00000000,00000000,f,4
887,887,0,01596352,c,7,00000000,00000000,f,4
888,888,0,01596353,c,7,00000000,00000000,f,4
889,889,0,01596354,c,7,00000000,00000000,f,4
890,890,0,01596355,c,7,00000000,00000000,f,4
891,891,0,01596356,c,7,00000000,00000000,f,4
892,892,0,01596357,c,7,00000000,00000000,f,4
893,893,0,01596358,c,7,00000000,00000000,f,4
894,894,0,01596359,c,7,00000000,00000000,f,4
895,895,0,0159635a,c,7,00000000,00000000,f,4
896,896,0,0159635b,c,7,00000000,00000000,f,4
897,897,0,0159635c,c,7,00000000,00000000,f,4
898,898,0,0159635d,c,7,00000000,00000000,f,4
899,899,0,0159635e,c,7,00000000,00000000,f,4
900,900,0,0159635f,c,7,00000000,00000000,f,4
901,901,0,01596360,c,7,00000000,00000000,f,4
902,902,0,01596361,c,7,00000000,00000000,f,4
903,903,0,01596362,c,7,00000000,00000000,f,4
904,904,0,01596363,c,7,00000000,00000000,f,4
905,905,0,01596364,c,7,00000000,00000000,f,4
906,906,0,01596365,c,7,00000000,00000000,f,4
907,907,0,01596366,c,7,00000000,00000000,f,4
908,908,0,01596367,c,7,00000000,00000000,f,4
909,909,0,01596368,c,7,00000000,00000000,f,4
910,910,0,01596369,c,7,00000000,00000000,f,4
911,911,0,0159636a,c,7,00000000,00000000,f,4
912,912,0,0159636b,c,7,00000000,00000000,f,4
913,913,0,0159636c,c,7,00000000,00000000,f,4
914,914,0,0159636d,c,7,00000000,00000000,f,4
915,915,0,0159636e,c,7,00000000,00000000,f,4
916,916,0,0159636f,c,7,00000000,00000000,f,4
917,917,0,01596370,c,7,00000000,00000000,f,4
918,918,0,01596371,c,7,00000000,00000000,f,4
919,919,0,01596372,c,7,00000000,00000000,f,4
920,920,0,01596373,c,7,00000000,00000000,f,4
921,921,0,01596374,c,7,00000000,00000000,f,4
922,922,0,01596375,c,7,00000000,00000000,f,4
923,923,0,01596376,c,7,00000000,00000000,f,4
924,924,0,01596377,c,7,00000000,00000000,f,4
925,925,0,01596378,c,7,00000000,00000000,f,4
926,926,0,01596379,c,7,00000000,00000000,f,4
927,927,0,0159637a,c,7,00000000,00000000,f,4
928,928,0,0159637b,c,7,00000000,00000000,f,4
929,929,0,0159637c,c,7,00000000,00000000,f,4
930,930,0,0159637d,c,7,00000000,00000000,f,4
931,931,0,0159637e,c,7,00000000,00000000,f,4
932,932,0,0159637f,c,7,00000000,00000000,f,4
933,933,0,01596380,c,7,00000000,00000000,f,4
934,934,0,01596381,c,7,00000000,00000000,f,4
935,935,0,01596382,c,7,00000000,00000000,f,4
936,936,0,01596383,c,7,00000000,00000000,f,4
937,937,0,01596384,c,7,00000000,00000000,f,4
938,938,0,01596385,c,7,00000000,00000000,f,4
939,939,0,01596386,c,7,00000000,00000000,f,4
940,940,0,01596387,c,7,00000000,00000000,f,4
941,941,0,01596388,c,7,00000000,00000000,f,4
942,942,0,01596389,c,7,00000000,00000000,f,4
943,943,0,0159638a,c,7,00000000,00000000,f,4
944,944,0,0159638b,c,7,00000000,00000000,f,4
945,945,0,0159638c,c,7,00000000,00000000,f,4
946,946,0,0159638d,c,7,00000000,00000000,f,4
947,947,0,0159638e,c,7,00000000,00000000,f,4
948,948,0,0159638f,c,7,00000000,00000000,f,4
949,949,0,01596390,c,7,00000000,00000000,f,4
950,950,0,01596391,c,7,00000000,00000000,f,4
951,951,0,01596392,c,7,00000000,00000000,f,4
952,952,0,01596393,c,7,00000000,00000000,f,4
953,953,0,01596394,c,7,00000000,00000000,f,4
954,954,0,01596395,c,7,00000000,00000000,f,4
955,955,0,01596396,c,7,00000000,00000000,f,4
956,956,0,01596397,c,7,00000000,00000000,f,4
957,957,0,01596398,c,7,00000000,00000000,f,4
958,958,0,01596399,c,7,00000000,00000000,f,4
959,959,0,0159639a,c,7,00000000,00000000,f,4
960,960,0,0159639b,c,7,00000000,00000000,f,4
961,961,0,0159639c,c,7,00000000,00000000,f,4
962,962,0,0159639d,c,7,00000000,00000000,f,4
963,963,0,0159639e,c,7,00000000,00000000,f,4
964,964,0,0159639f,c,7,00000000,00000000,f,4
965,965,0,015963a0,c,7,00000000,00000000,f,4
966,966,0,015963a1,c,7,00000000,00000000,f,4
967,967,0,015963a2,c,7,00000000,00000000,f,4
968,968,0,015963a3,c,7,00000000,00000000,f,4
969,969,0,015963a4,c,7,00000000,00000000,f,4
970,970,0,015963a5,c,7,00000000,00000000,f,4
971,971,0,015963a6,c,7,00000000,00000000,f,4
972,972,0,015963a7,c,7,00000000,00000000,f,4
973,973,0,015963a8,c,7,00000000,00000000,f,4
974,974,0,015963a9,c,7,00000000,00000000,f,4
975,975,0,015963aa,c,7,00000000,00000000,f,4
976,976,0,015963ab,c,7,00000000,00000000,f,4
977,977,0,015963ac,c,7,00000000,00000000,f,4
978,978,0,015963ad,c,7,00000000,00000000,f,4
979,979,0,015963ae,c,7,00000000,00000000,f,4
980,980,0,015963af,c,7,00000000,00000000,f,4
981,981,0,015963b0,c,7,00000000,00000000,f,4
982,982,0,015963b1,c,7,00000000,00000000,f,4
983,983,0,015963b2,c,7,00000000,00000000,f,4
984,984,0,015963b3,c,7,00000000,00000000,f,4
985,985,0,015963b4,c,7,00000000,00000000,f,4
986,986,0,015963b5,c,7,00000000,00000000,f,4
987,987,0,015963b6,c,7,00000000,00000000,f,4
988,988,0,015963b7,c,7,00000000,00000000,f,4
989,989,0,015963b8,c,7,00000000,00000000,f,4
990,990,0,015963b9,c,7,00000000,00000000,f,4
991,991,0,015963ba,c,7,00000000,00000000,f,4
992,992,0,015963bb,c,7,00000000,00000000,f,4
993,993,0,015963bc,c,7,00000000,00000000,f,4
994,994,0,015963bd,c,7,00000000,00000000,f,4
995,995,0,015963be,c,7,00000000,00000000,f,4
996,996,0,015963bf,c,7,00000000,00000000,f,4
997,997,0,015963c0,c,7,00000000,00000000,f,4
998,998,0,015963c1,c,7,00000000,00000000,f,4
999,999,0,015963c2,c,7,00000000,00000000,f,4
1000,1000,0,015963c3,c,7,00000000,00000000,f,4
1001,1001,0,015963c4,c,7,00000000,00000000,f,4
1002,1002,0,015963c5,c,7,00000000,00000000,f,4
1003,1003,0,015963c6,c,7,00000000,00000000,f,4
1004,1004,0,015963c7,c,7,00000000,00000000,f,4
1005,1005,0,015963c8,c,7,00000000,00000000,f,4
1006,1006,0,015963c9,c,7,00000000,00000000,f,4
1007,1007,0,015963ca,c,7,00000000,00000000,f,4
1008,1008,0,015963cb,c,7,00000000,00000000,f,4
1009,1009,0,015963cc,c,7,00000000,00000000,f,4
1010,1010,0,015963cd,c,7,00000000,00000000,f,4
1011,1011,0,015963ce,c,7,00000000,00000000,f,4
1012,1012,0,015963cf,c,7,00000000,00000000,f,4
1013,1013,0,015963d0,c,7,00000000,00000000,f,4
1014,1014,0,015963d1,c,7,00000000,00000000,f,4
1015,1015,0,015963d2,c,7,00000000,00000000,f,4
1016,1016,0,015963d3,c,7,00000000,00000000,f,4
1017,1017,0,015963d4,c,7,00000000,00000000,f,4
1018,1018,0,015963d5,c,7,00000000,00000000,f,4
1019,1019,0,015963d6,c,7,00000000,00000000,f,4
1020,1020,0,015963d7,c,7,00000000,00000000,f,4
1021,1021,0,015963d8,c,7,00000000,00000000,f,4
1022,1022,0,015963d9,c,7,00000000,00000000,f,4
1023,1023,0,015963da,c,7,00000000,00000000,f,4
