Sample in Buffer,Sample in Window,TRIGGER,probe0_pc[31:0],probe1_reset_uart[3:0],probe2_liveness[2:0],probe3_pc_activity[31:0],probe4_nice_csr[31:0],probe5_nice_hs[3:0],probe6_mem_status[2:0]
Radix - UNSIGNED,UNSIGNED,UNSIGNED,HEX,HEX,HEX,HEX,HEX,HEX,HEX
0,0,0,00000000,d,0,000ed645,00000000,4,3
1,1,0,00000000,d,0,000ed645,00000000,4,3
2,2,0,00000000,d,0,000ed645,00000000,4,1
3,3,0,00000000,d,0,000ed645,00000000,4,1
4,4,0,00000000,d,0,000ed645,00000000,4,1
5,5,0,00000000,d,0,000ed645,00000000,4,1
6,6,0,00000000,d,0,000ed645,00000000,4,1
7,7,0,00000000,d,0,000ed645,00000000,4,1
8,8,0,00000000,d,0,000ed645,00000000,4,5
9,9,0,00000000,d,0,000ed645,00000000,4,5
10,10,0,00000000,d,0,000ed645,00000000,4,5
11,11,0,00000002,d,4,000ed646,00000000,4,1
12,12,0,00000002,d,0,000ed646,00000000,4,1
13,13,0,00000002,d,0,000ed646,00000000,4,1
14,14,0,00000000,d,4,000ed647,00000000,4,3
15,15,0,00000000,d,0,000ed647,00000000,4,3
16,16,0,00000000,d,0,000ed647,00000000,4,3
17,17,0,00000000,d,0,000ed647,00000000,4,1
18,18,0,00000000,d,0,000ed647,00000000,4,1
19,19,0,00000000,d,0,000ed647,00000000,4,1
20,20,0,00000000,d,0,000ed647,00000000,4,1
21,21,0,00000000,d,0,000ed647,00000000,4,1
22,22,0,00000000,d,0,000ed647,00000000,4,1
23,23,0,00000000,d,0,000ed647,00000000,4,5
24,24,0,00000000,d,0,000ed647,00000000,4,5
25,25,0,00000000,d,0,000ed647,00000000,4,5
26,26,0,00000000,d,0,000ed647,00000000,4,1
27,27,0,00000000,d,0,000ed647,00000000,4,1
28,28,0,00000000,d,0,000ed647,00000000,4,1
29,29,0,00000000,d,0,000ed647,00000000,4,1
30,30,0,00000000,d,0,000ed647,00000000,4,3
31,31,0,00000000,d,0,000ed647,00000000,4,3
32,32,0,00000000,d,0,000ed647,00000000,4,3
33,33,0,00000000,d,0,000ed647,00000000,4,1
34,34,0,00000000,d,0,000ed647,00000000,4,1
35,35,0,00000000,d,0,000ed647,00000000,4,1
36,36,0,00000000,d,0,000ed647,00000000,4,1
37,37,0,00000000,d,0,000ed647,00000000,4,1
38,38,0,00000000,d,0,000ed647,00000000,4,1
39,39,0,00000000,d,0,000ed647,00000000,4,5
40,40,0,00000000,d,0,000ed647,00000000,4,5
41,41,0,00000000,d,0,000ed647,00000000,4,5
42,42,0,00000000,d,0,000ed647,00000000,4,1
43,43,0,00000000,d,0,000ed647,00000000,4,1
44,44,0,00000000,d,0,000ed647,00000000,4,1
45,45,0,00000000,d,0,000ed647,00000000,4,3
46,46,0,00000000,d,0,000ed647,00000000,4,3
47,47,0,00000000,d,0,000ed647,00000000,4,3
48,48,0,00000000,d,0,000ed647,00000000,4,1
49,49,0,00000000,d,0,000ed647,00000000,4,1
50,50,0,00000000,d,0,000ed647,00000000,4,1
51,51,0,00000000,d,0,000ed647,00000000,4,1
52,52,0,00000000,d,0,000ed647,00000000,4,1
53,53,0,00000000,d,0,000ed647,00000000,4,1
54,54,0,00000000,d,0,000ed647,00000000,4,1
55,55,0,00000000,d,0,000ed647,00000000,4,5
56,56,0,00000000,d,0,000ed647,00000000,4,5
57,57,0,00000000,d,0,000ed647,00000000,4,5
58,58,0,00000002,d,4,000ed648,00000000,4,1
59,59,0,00000002,d,0,000ed648,00000000,4,1
60,60,0,00000002,d,0,000ed648,00000000,4,1
61,61,0,00000000,d,4,000ed649,00000000,4,3
62,62,0,00000000,d,0,000ed649,00000000,4,3
63,63,0,00000000,d,0,000ed649,00000000,4,3
64,64,0,00000000,d,0,000ed649,00000000,4,1
65,65,0,00000000,d,0,000ed649,00000000,4,1
66,66,0,00000000,d,0,000ed649,00000000,4,1
67,67,0,00000000,d,0,000ed649,00000000,4,1
68,68,0,00000000,d,0,000ed649,00000000,4,1
69,69,0,00000000,d,0,000ed649,00000000,4,1
70,70,0,00000000,d,0,000ed649,00000000,4,5
71,71,0,00000000,d,0,000ed649,00000000,4,5
72,72,0,00000000,d,0,000ed649,00000000,4,5
73,73,0,00000000,d,0,000ed649,00000000,4,1
74,74,0,00000000,d,0,000ed649,00000000,4,1
75,75,0,00000000,d,0,000ed649,00000000,4,1
76,76,0,00000000,d,0,000ed649,00000000,4,3
77,77,0,00000000,d,0,000ed649,00000000,4,3
78,78,0,00000000,d,0,000ed649,00000000,4,3
79,79,0,00000000,d,0,000ed649,00000000,4,3
80,80,0,00000000,d,0,000ed649,00000000,4,1
81,81,0,00000000,d,0,000ed649,00000000,4,1
82,82,0,00000000,d,0,000ed649,00000000,4,1
83,83,0,00000000,d,0,000ed649,00000000,4,1
84,84,0,00000000,d,0,000ed649,00000000,4,1
85,85,0,00000000,d,0,000ed649,00000000,4,1
86,86,0,00000000,d,0,000ed649,00000000,4,5
87,87,0,00000000,d,0,000ed649,00000000,4,5
88,88,0,00000000,d,0,000ed649,00000000,4,5
89,89,0,00000000,d,0,000ed649,00000000,4,1
90,90,0,00000000,d,0,000ed649,00000000,4,1
91,91,0,00000000,d,0,000ed649,00000000,4,1
92,92,0,00000000,d,0,000ed649,00000000,4,3
93,93,0,00000000,d,0,000ed649,00000000,4,3
94,94,0,00000000,d,0,000ed649,00000000,4,3
95,95,0,00000000,d,0,000ed649,00000000,4,1
96,96,0,00000000,d,0,000ed649,00000000,4,1
97,97,0,00000000,d,0,000ed649,00000000,4,1
98,98,0,00000000,d,0,000ed649,00000000,4,1
99,99,0,00000000,d,0,000ed649,00000000,4,1
100,100,0,00000000,d,0,000ed649,00000000,4,1
101,101,0,00000000,d,0,000ed649,00000000,4,5
102,102,0,00000000,d,0,000ed649,00000000,4,5
103,103,0,00000000,d,0,000ed649,00000000,4,5
104,104,0,00000000,d,0,000ed649,00000000,4,5
105,105,0,00000002,d,4,000ed64a,00000000,4,1
106,106,0,00000002,d,0,000ed64a,00000000,4,1
107,107,0,00000002,d,0,000ed64a,00000000,4,1
108,108,0,00000000,d,4,000ed64b,00000000,4,3
109,109,0,00000000,d,0,000ed64b,00000000,4,3
110,110,0,00000000,d,0,000ed64b,00000000,4,3
111,111,0,00000000,d,0,000ed64b,00000000,4,1
112,112,0,00000000,d,0,000ed64b,00000000,4,1
113,113,0,00000000,d,0,000ed64b,00000000,4,1
114,114,0,00000000,d,0,000ed64b,00000000,4,1
115,115,0,00000000,d,0,000ed64b,00000000,4,1
116,116,0,00000000,d,0,000ed64b,00000000,4,1
117,117,0,00000000,d,0,000ed64b,00000000,4,5
118,118,0,00000000,d,0,000ed64b,00000000,4,5
119,119,0,00000000,d,0,000ed64b,00000000,4,5
120,120,0,00000000,d,0,000ed64b,00000000,4,1
121,121,0,00000000,d,0,000ed64b,00000000,4,1
122,122,0,00000000,d,0,000ed64b,00000000,4,1
123,123,0,00000000,d,0,000ed64b,00000000,4,3
124,124,0,00000000,d,0,000ed64b,00000000,4,3
125,125,0,00000000,d,0,000ed64b,00000000,4,3
126,126,0,00000000,d,0,000ed64b,00000000,4,3
127,127,0,00000000,d,0,000ed64b,00000000,4,1
128,128,0,00000000,d,0,000ed64b,00000000,4,1
129,129,0,00000000,d,0,000ed64b,00000000,4,1
130,130,0,00000000,d,0,000ed64b,00000000,4,1
131,131,0,00000000,d,0,000ed64b,00000000,4,1
132,132,0,00000000,d,0,000ed64b,00000000,4,1
133,133,0,00000000,d,0,000ed64b,00000000,4,5
134,134,0,00000000,d,0,000ed64b,00000000,4,5
135,135,0,00000000,d,0,000ed64b,00000000,4,5
136,136,0,00000000,d,0,000ed64b,00000000,4,1
137,137,0,00000000,d,0,000ed64b,00000000,4,1
138,138,0,00000000,d,0,000ed64b,00000000,4,1
139,139,0,00000000,d,0,000ed64b,00000000,4,3
140,140,0,00000000,d,0,000ed64b,00000000,4,3
141,141,0,00000000,d,0,000ed64b,00000000,4,3
142,142,0,00000000,d,0,000ed64b,00000000,4,1
143,143,0,00000000,d,0,000ed64b,00000000,4,1
144,144,0,00000000,d,0,000ed64b,00000000,4,1
145,145,0,00000000,d,0,000ed64b,00000000,4,1
146,146,0,00000000,d,0,000ed64b,00000000,4,1
147,147,0,00000000,d,0,000ed64b,00000000,4,1
148,148,0,00000000,d,0,000ed64b,00000000,4,5
149,149,0,00000000,d,0,000ed64b,00000000,4,5
150,150,0,00000000,d,0,000ed64b,00000000,4,5
151,151,0,00000002,d,4,000ed64c,00000000,4,1
152,152,0,00000002,d,0,000ed64c,00000000,4,1
153,153,0,00000002,d,0,000ed64c,00000000,4,1
154,154,0,00000002,d,0,000ed64c,00000000,4,1
155,155,0,00000000,d,4,000ed64d,00000000,4,3
156,156,0,00000000,d,0,000ed64d,00000000,4,3
157,157,0,00000000,d,0,000ed64d,00000000,4,3
158,158,0,00000000,d,0,000ed64d,00000000,4,1
159,159,0,00000000,d,0,000ed64d,00000000,4,1
160,160,0,00000000,d,0,000ed64d,00000000,4,1
161,161,0,00000000,d,0,000ed64d,00000000,4,1
162,162,0,00000000,d,0,000ed64d,00000000,4,1
163,163,0,00000000,d,0,000ed64d,00000000,4,1
164,164,0,00000000,d,0,000ed64d,00000000,4,5
165,165,0,00000000,d,0,000ed64d,00000000,4,5
166,166,0,00000000,d,0,000ed64d,00000000,4,5
167,167,0,00000000,d,0,000ed64d,00000000,4,1
168,168,0,00000000,d,0,000ed64d,00000000,4,1
169,169,0,00000000,d,0,000ed64d,00000000,4,1
170,170,0,00000000,d,0,000ed64d,00000000,4,3
171,171,0,00000000,d,0,000ed64d,00000000,4,3
172,172,0,00000000,d,0,000ed64d,00000000,4,3
173,173,0,00000000,d,0,000ed64d,00000000,4,1
174,174,0,00000000,d,0,000ed64d,00000000,4,1
175,175,0,00000000,d,0,000ed64d,00000000,4,1
176,176,0,00000000,d,0,000ed64d,00000000,4,1
177,177,0,00000000,d,0,000ed64d,00000000,4,1
178,178,0,00000000,d,0,000ed64d,00000000,4,1
179,179,0,00000000,d,0,000ed64d,00000000,4,1
180,180,0,00000000,d,0,000ed64d,00000000,4,5
181,181,0,00000000,d,0,000ed64d,00000000,4,5
182,182,0,00000000,d,0,000ed64d,00000000,4,5
183,183,0,00000000,d,0,000ed64d,00000000,4,1
184,184,0,00000000,d,0,000ed64d,00000000,4,1
185,185,0,00000000,d,0,000ed64d,00000000,4,1
186,186,0,00000000,d,0,000ed64d,00000000,4,3
187,187,0,00000000,d,0,000ed64d,00000000,4,3
188,188,0,00000000,d,0,000ed64d,00000000,4,3
189,189,0,00000000,d,0,000ed64d,00000000,4,1
190,190,0,00000000,d,0,000ed64d,00000000,4,1
191,191,0,00000000,d,0,000ed64d,00000000,4,1
192,192,0,00000000,d,0,000ed64d,00000000,4,1
193,193,0,00000000,d,0,000ed64d,00000000,4,1
194,194,0,00000000,d,0,000ed64d,00000000,4,1
195,195,0,00000000,d,0,000ed64d,00000000,4,5
196,196,0,00000000,d,0,000ed64d,00000000,4,5
197,197,0,00000000,d,0,000ed64d,00000000,4,5
198,198,0,00000002,d,4,000ed64e,00000000,4,1
199,199,0,00000002,d,0,000ed64e,00000000,4,1
200,200,0,00000002,d,0,000ed64e,00000000,4,1
201,201,0,00000000,d,4,000ed64f,00000000,4,3
202,202,0,00000000,d,0,000ed64f,00000000,4,3
203,203,0,00000000,d,0,000ed64f,00000000,4,3
204,204,0,00000000,d,0,000ed64f,00000000,4,3
205,205,0,00000000,d,0,000ed64f,00000000,4,1
206,206,0,00000000,d,0,000ed64f,00000000,4,1
207,207,0,00000000,d,0,000ed64f,00000000,4,1
208,208,0,00000000,d,0,000ed64f,00000000,4,1
209,209,0,00000000,d,0,000ed64f,00000000,4,1
210,210,0,00000000,d,0,000ed64f,00000000,4,1
211,211,0,00000000,d,0,000ed64f,00000000,4,5
212,212,0,00000000,d,0,000ed64f,00000000,4,5
213,213,0,00000000,d,0,000ed64f,00000000,4,5
214,214,0,00000000,d,0,000ed64f,00000000,4,1
215,215,0,00000000,d,0,000ed64f,00000000,4,1
216,216,0,00000000,d,0,000ed64f,00000000,4,1
217,217,0,00000000,d,0,000ed64f,00000000,4,3
218,218,0,00000000,d,0,000ed64f,00000000,4,3
219,219,0,00000000,d,0,000ed64f,00000000,4,3
220,220,0,00000000,d,0,000ed64f,00000000,4,1
221,221,0,00000000,d,0,000ed64f,00000000,4,1
222,222,0,00000000,d,0,000ed64f,00000000,4,1
223,223,0,00000000,d,0,000ed64f,00000000,4,1
224,224,0,00000000,d,0,000ed64f,00000000,4,1
225,225,0,00000000,d,0,000ed64f,00000000,4,1
226,226,0,00000000,d,0,000ed64f,00000000,4,5
227,227,0,00000000,d,0,000ed64f,00000000,4,5
228,228,0,00000000,d,0,000ed64f,00000000,4,5
229,229,0,00000000,d,0,000ed64f,00000000,4,5
230,230,0,00000000,d,0,000ed64f,00000000,4,1
231,231,0,00000000,d,0,000ed64f,00000000,4,1
232,232,0,00000000,d,0,000ed64f,00000000,4,1
233,233,0,00000000,d,0,000ed64f,00000000,4,3
234,234,0,00000000,d,0,000ed64f,00000000,4,3
235,235,0,00000000,d,0,000ed64f,00000000,4,3
236,236,0,00000000,d,0,000ed64f,00000000,4,1
237,237,0,00000000,d,0,000ed64f,00000000,4,1
238,238,0,00000000,d,0,000ed64f,00000000,4,1
239,239,0,00000000,d,0,000ed64f,00000000,4,1
240,240,0,00000000,d,0,000ed64f,00000000,4,1
241,241,0,00000000,d,0,000ed64f,00000000,4,1
242,242,0,00000000,d,0,000ed64f,00000000,4,5
243,243,0,00000000,d,0,000ed64f,00000000,4,5
244,244,0,00000000,d,0,000ed64f,00000000,4,5
245,245,0,00000002,d,4,000ed650,00000000,4,1
246,246,0,00000002,d,0,000ed650,00000000,4,1
247,247,0,00000002,d,0,000ed650,00000000,4,1
248,248,0,00000000,d,4,000ed651,00000000,4,3
249,249,0,00000000,d,0,000ed651,00000000,4,3
250,250,0,00000000,d,0,000ed651,00000000,4,3
251,251,0,00000000,d,0,000ed651,00000000,4,3
252,252,0,00000000,d,0,000ed651,00000000,4,1
253,253,0,00000000,d,0,000ed651,00000000,4,1
254,254,0,00000000,d,0,000ed651,00000000,4,1
255,255,0,00000000,d,0,000ed651,00000000,4,1
256,256,0,00000000,d,0,000ed651,00000000,4,1
257,257,0,00000000,d,0,000ed651,00000000,4,1
258,258,0,00000000,d,0,000ed651,00000000,4,5
259,259,0,00000000,d,0,000ed651,00000000,4,5
260,260,0,00000000,d,0,000ed651,00000000,4,5
261,261,0,00000000,d,0,000ed651,00000000,4,1
262,262,0,00000000,d,0,000ed651,00000000,4,1
263,263,0,00000000,d,0,000ed651,00000000,4,1
264,264,0,00000000,d,0,000ed651,00000000,4,3
265,265,0,00000000,d,0,000ed651,00000000,4,3
266,266,0,00000000,d,0,000ed651,00000000,4,3
267,267,0,00000000,d,0,000ed651,00000000,4,1
268,268,0,00000000,d,0,000ed651,00000000,4,1
269,269,0,00000000,d,0,000ed651,00000000,4,1
270,270,0,00000000,d,0,000ed651,00000000,4,1
271,271,0,00000000,d,0,000ed651,00000000,4,1
272,272,0,00000000,d,0,000ed651,00000000,4,1
273,273,0,00000000,d,0,000ed651,00000000,4,5
274,274,0,00000000,d,0,000ed651,00000000,4,5
275,275,0,00000000,d,0,000ed651,00000000,4,5
276,276,0,00000000,d,0,000ed651,00000000,4,1
277,277,0,00000000,d,0,000ed651,00000000,4,1
278,278,0,00000000,d,0,000ed651,00000000,4,1
279,279,0,00000000,d,0,000ed651,00000000,4,1
280,280,0,00000000,d,0,000ed651,00000000,4,3
281,281,0,00000000,d,0,000ed651,00000000,4,3
282,282,0,00000000,d,0,000ed651,00000000,4,3
283,283,0,00000000,d,0,000ed651,00000000,4,1
284,284,0,00000000,d,0,000ed651,00000000,4,1
285,285,0,00000000,d,0,000ed651,00000000,4,1
286,286,0,00000000,d,0,000ed651,00000000,4,1
287,287,0,00000000,d,0,000ed651,00000000,4,1
288,288,0,00000000,d,0,000ed651,00000000,4,1
289,289,0,00000000,d,0,000ed651,00000000,4,5
290,290,0,00000000,d,0,000ed651,00000000,4,5
291,291,0,00000000,d,0,000ed651,00000000,4,5
292,292,0,00000002,d,4,000ed652,00000000,4,1
293,293,0,00000002,d,0,000ed652,00000000,4,1
294,294,0,00000002,d,0,000ed652,00000000,4,1
295,295,0,00000000,d,4,000ed653,00000000,4,3
296,296,0,00000000,d,0,000ed653,00000000,4,3
297,297,0,00000000,d,0,000ed653,00000000,4,3
298,298,0,00000000,d,0,000ed653,00000000,4,1
299,299,0,00000000,d,0,000ed653,00000000,4,1
300,300,0,00000000,d,0,000ed653,00000000,4,1
301,301,0,00000000,d,0,000ed653,00000000,4,1
302,302,0,00000000,d,0,000ed653,00000000,4,1
303,303,0,00000000,d,0,000ed653,00000000,4,1
304,304,0,00000000,d,0,000ed653,00000000,4,1
305,305,0,00000000,d,0,000ed653,00000000,4,5
306,306,0,00000000,d,0,000ed653,00000000,4,5
307,307,0,00000000,d,0,000ed653,00000000,4,5
308,308,0,00000000,d,0,000ed653,00000000,4,1
309,309,0,00000000,d,0,000ed653,00000000,4,1
310,310,0,00000000,d,0,000ed653,00000000,4,1
311,311,0,00000000,d,0,000ed653,00000000,4,3
312,312,0,00000000,d,0,000ed653,00000000,4,3
313,313,0,00000000,d,0,000ed653,00000000,4,3
314,314,0,00000000,d,0,000ed653,00000000,4,1
315,315,0,00000000,d,0,000ed653,00000000,4,1
316,316,0,00000000,d,0,000ed653,00000000,4,1
317,317,0,00000000,d,0,000ed653,00000000,4,1
318,318,0,00000000,d,0,000ed653,00000000,4,1
319,319,0,00000000,d,0,000ed653,00000000,4,1
320,320,0,00000000,d,0,000ed653,00000000,4,5
321,321,0,00000000,d,0,000ed653,00000000,4,5
322,322,0,00000000,d,0,000ed653,00000000,4,5
323,323,0,00000000,d,0,000ed653,00000000,4,1
324,324,0,00000000,d,0,000ed653,00000000,4,1
325,325,0,00000000,d,0,000ed653,00000000,4,1
326,326,0,00000000,d,0,000ed653,00000000,4,3
327,327,0,00000000,d,0,000ed653,00000000,4,3
328,328,0,00000000,d,0,000ed653,00000000,4,3
329,329,0,00000000,d,0,000ed653,00000000,4,3
330,330,0,00000000,d,0,000ed653,00000000,4,1
331,331,0,00000000,d,0,000ed653,00000000,4,1
332,332,0,00000000,d,0,000ed653,00000000,4,1
333,333,0,00000000,d,0,000ed653,00000000,4,1
334,334,0,00000000,d,0,000ed653,00000000,4,1
335,335,0,00000000,d,0,000ed653,00000000,4,1
336,336,0,00000000,d,0,000ed653,00000000,4,5
337,337,0,00000000,d,0,000ed653,00000000,4,5
338,338,0,00000000,d,0,000ed653,00000000,4,5
339,339,0,00000002,d,4,000ed654,00000000,4,1
340,340,0,00000002,d,0,000ed654,00000000,4,1
341,341,0,00000002,d,0,000ed654,00000000,4,1
342,342,0,00000000,d,4,000ed655,00000000,4,3
343,343,0,00000000,d,0,000ed655,00000000,4,3
344,344,0,00000000,d,0,000ed655,00000000,4,3
345,345,0,00000000,d,0,000ed655,00000000,4,1
346,346,0,00000000,d,0,000ed655,00000000,4,1
347,347,0,00000000,d,0,000ed655,00000000,4,1
348,348,0,00000000,d,0,000ed655,00000000,4,1
349,349,0,00000000,d,0,000ed655,00000000,4,1
350,350,0,00000000,d,0,000ed655,00000000,4,1
351,351,0,00000000,d,0,000ed655,00000000,4,5
352,352,0,00000000,d,0,000ed655,00000000,4,5
353,353,0,00000000,d,0,000ed655,00000000,4,5
354,354,0,00000000,d,0,000ed655,00000000,4,5
355,355,0,00000000,d,0,000ed655,00000000,4,1
356,356,0,00000000,d,0,000ed655,00000000,4,1
357,357,0,00000000,d,0,000ed655,00000000,4,1
358,358,0,00000000,d,0,000ed655,00000000,4,3
359,359,0,00000000,d,0,000ed655,00000000,4,3
360,360,0,00000000,d,0,000ed655,00000000,4,3
361,361,0,00000000,d,0,000ed655,00000000,4,1
362,362,0,00000000,d,0,000ed655,00000000,4,1
363,363,0,00000000,d,0,000ed655,00000000,4,1
364,364,0,00000000,d,0,000ed655,00000000,4,1
365,365,0,00000000,d,0,000ed655,00000000,4,1
366,366,0,00000000,d,0,000ed655,00000000,4,1
367,367,0,00000000,d,0,000ed655,00000000,4,5
368,368,0,00000000,d,0,000ed655,00000000,4,5
369,369,0,00000000,d,0,000ed655,00000000,4,5
370,370,0,00000000,d,0,000ed655,00000000,4,1
371,371,0,00000000,d,0,000ed655,00000000,4,1
372,372,0,00000000,d,0,000ed655,00000000,4,1
373,373,0,00000000,d,0,000ed655,00000000,4,3
374,374,0,00000000,d,0,000ed655,00000000,4,3
375,375,0,00000000,d,0,000ed655,00000000,4,3
376,376,0,00000000,d,0,000ed655,00000000,4,3
377,377,0,00000000,d,0,000ed655,00000000,4,1
378,378,0,00000000,d,0,000ed655,00000000,4,1
379,379,0,00000000,d,0,000ed655,00000000,4,1
380,380,0,00000000,d,0,000ed655,00000000,4,1
381,381,0,00000000,d,0,000ed655,00000000,4,1
382,382,0,00000000,d,0,000ed655,00000000,4,1
383,383,0,00000000,d,0,000ed655,00000000,4,5
384,384,0,00000000,d,0,000ed655,00000000,4,5
385,385,0,00000000,d,0,000ed655,00000000,4,5
386,386,0,00000002,d,4,000ed656,00000000,4,1
387,387,0,00000002,d,0,000ed656,00000000,4,1
388,388,0,00000002,d,0,000ed656,00000000,4,1
389,389,0,00000000,d,4,000ed657,00000000,4,3
390,390,0,00000000,d,0,000ed657,00000000,4,3
391,391,0,00000000,d,0,000ed657,00000000,4,3
392,392,0,00000000,d,0,000ed657,00000000,4,1
393,393,0,00000000,d,0,000ed657,00000000,4,1
394,394,0,00000000,d,0,000ed657,00000000,4,1
395,395,0,00000000,d,0,000ed657,00000000,4,1
396,396,0,00000000,d,0,000ed657,00000000,4,1
397,397,0,00000000,d,0,000ed657,00000000,4,1
398,398,0,00000000,d,0,000ed657,00000000,4,5
399,399,0,00000000,d,0,000ed657,00000000,4,5
400,400,0,00000000,d,0,000ed657,00000000,4,5
401,401,0,00000000,d,0,000ed657,00000000,4,1
402,402,0,00000000,d,0,000ed657,00000000,4,1
403,403,0,00000000,d,0,000ed657,00000000,4,1
404,404,0,00000000,d,0,000ed657,00000000,4,1
405,405,0,00000000,d,0,000ed657,00000000,4,3
406,406,0,00000000,d,0,000ed657,00000000,4,3
407,407,0,00000000,d,0,000ed657,00000000,4,3
408,408,0,00000000,d,0,000ed657,00000000,4,1
409,409,0,00000000,d,0,000ed657,00000000,4,1
410,410,0,00000000,d,0,000ed657,00000000,4,1
411,411,0,00000000,d,0,000ed657,00000000,4,1
412,412,0,00000000,d,0,000ed657,00000000,4,1
413,413,0,00000000,d,0,000ed657,00000000,4,1
414,414,0,00000000,d,0,000ed657,00000000,4,5
415,415,0,00000000,d,0,000ed657,00000000,4,5
416,416,0,00000000,d,0,000ed657,00000000,4,5
417,417,0,00000000,d,0,000ed657,00000000,4,1
418,418,0,00000000,d,0,000ed657,00000000,4,1
419,419,0,00000000,d,0,000ed657,00000000,4,1
420,420,0,00000000,d,0,000ed657,00000000,4,3
421,421,0,00000000,d,0,000ed657,00000000,4,3
422,422,0,00000000,d,0,000ed657,00000000,4,3
423,423,0,00000000,d,0,000ed657,00000000,4,1
424,424,0,00000000,d,0,000ed657,00000000,4,1
425,425,0,00000000,d,0,000ed657,00000000,4,1
426,426,0,00000000,d,0,000ed657,00000000,4,1
427,427,0,00000000,d,0,000ed657,00000000,4,1
428,428,0,00000000,d,0,000ed657,00000000,4,1
429,429,0,00000000,d,0,000ed657,00000000,4,1
430,430,0,00000000,d,0,000ed657,00000000,4,5
431,431,0,00000000,d,0,000ed657,00000000,4,5
432,432,0,00000000,d,0,000ed657,00000000,4,5
433,433,0,00000002,d,4,000ed658,00000000,4,1
434,434,0,00000002,d,0,000ed658,00000000,4,1
435,435,0,00000002,d,0,000ed658,00000000,4,1
436,436,0,00000000,d,4,000ed659,00000000,4,3
437,437,0,00000000,d,0,000ed659,00000000,4,3
438,438,0,00000000,d,0,000ed659,00000000,4,3
439,439,0,00000000,d,0,000ed659,00000000,4,1
440,440,0,00000000,d,0,000ed659,00000000,4,1
441,441,0,00000000,d,0,000ed659,00000000,4,1
442,442,0,00000000,d,0,000ed659,00000000,4,1
443,443,0,00000000,d,0,000ed659,00000000,4,1
444,444,0,00000000,d,0,000ed659,00000000,4,1
445,445,0,00000000,d,0,000ed659,00000000,4,5
446,446,0,00000000,d,0,000ed659,00000000,4,5
447,447,0,00000000,d,0,000ed659,00000000,4,5
448,448,0,00000000,d,0,000ed659,00000000,4,1
449,449,0,00000000,d,0,000ed659,00000000,4,1
450,450,0,00000000,d,0,000ed659,00000000,4,1
451,451,0,00000000,d,0,000ed659,00000000,4,3
452,452,0,00000000,d,0,000ed659,00000000,4,3
453,453,0,00000000,d,0,000ed659,00000000,4,3
454,454,0,00000000,d,0,000ed659,00000000,4,3
455,455,0,00000000,d,0,000ed659,00000000,4,1
456,456,0,00000000,d,0,000ed659,00000000,4,1
457,457,0,00000000,d,0,000ed659,00000000,4,1
458,458,0,00000000,d,0,000ed659,00000000,4,1
459,459,0,00000000,d,0,000ed659,00000000,4,1
460,460,0,00000000,d,0,000ed659,00000000,4,1
461,461,0,00000000,d,0,000ed659,00000000,4,5
462,462,0,00000000,d,0,000ed659,00000000,4,5
463,463,0,00000000,d,0,000ed659,00000000,4,5
464,464,0,00000000,d,0,000ed659,00000000,4,1
465,465,0,00000000,d,0,000ed659,00000000,4,1
466,466,0,00000000,d,0,000ed659,00000000,4,1
467,467,0,00000000,d,0,000ed659,00000000,4,3
468,468,0,00000000,d,0,000ed659,00000000,4,3
469,469,0,00000000,d,0,000ed659,00000000,4,3
470,470,0,00000000,d,0,000ed659,00000000,4,1
471,471,0,00000000,d,0,000ed659,00000000,4,1
472,472,0,00000000,d,0,000ed659,00000000,4,1
473,473,0,00000000,d,0,000ed659,00000000,4,1
474,474,0,00000000,d,0,000ed659,00000000,4,1
475,475,0,00000000,d,0,000ed659,00000000,4,1
476,476,0,00000000,d,0,000ed659,00000000,4,5
477,477,0,00000000,d,0,000ed659,00000000,4,5
478,478,0,00000000,d,0,000ed659,00000000,4,5
479,479,0,00000000,d,0,000ed659,00000000,4,5
480,480,0,00000002,d,4,000ed65a,00000000,4,1
481,481,0,00000002,d,0,000ed65a,00000000,4,1
482,482,0,00000002,d,0,000ed65a,00000000,4,1
483,483,0,00000000,d,4,000ed65b,00000000,4,3
484,484,0,00000000,d,0,000ed65b,00000000,4,3
485,485,0,00000000,d,0,000ed65b,00000000,4,3
486,486,0,00000000,d,0,000ed65b,00000000,4,1
487,487,0,00000000,d,0,000ed65b,00000000,4,1
488,488,0,00000000,d,0,000ed65b,00000000,4,1
489,489,0,00000000,d,0,000ed65b,00000000,4,1
490,490,0,00000000,d,0,000ed65b,00000000,4,1
491,491,0,00000000,d,0,000ed65b,00000000,4,1
492,492,0,00000000,d,0,000ed65b,00000000,4,5
493,493,0,00000000,d,0,000ed65b,00000000,4,5
494,494,0,00000000,d,0,000ed65b,00000000,4,5
495,495,0,00000000,d,0,000ed65b,00000000,4,1
496,496,0,00000000,d,0,000ed65b,00000000,4,1
497,497,0,00000000,d,0,000ed65b,00000000,4,1
498,498,0,00000000,d,0,000ed65b,00000000,4,3
499,499,0,00000000,d,0,000ed65b,00000000,4,3
500,500,0,00000000,d,0,000ed65b,00000000,4,3
501,501,0,00000000,d,0,000ed65b,00000000,4,3
502,502,0,00000000,d,0,000ed65b,00000000,4,1
503,503,0,00000000,d,0,000ed65b,00000000,4,1
504,504,0,00000000,d,0,000ed65b,00000000,4,1
505,505,0,00000000,d,0,000ed65b,00000000,4,1
506,506,0,00000000,d,0,000ed65b,00000000,4,1
507,507,0,00000000,d,0,000ed65b,00000000,4,1
508,508,0,00000000,d,0,000ed65b,00000000,4,5
509,509,0,00000000,d,0,000ed65b,00000000,4,5
510,510,0,00000000,d,0,000ed65b,00000000,4,5
511,511,0,00000000,d,0,000ed65b,00000000,4,1
512,512,1,00000000,d,0,000ed65b,00000000,4,1
513,513,0,00000000,d,0,000ed65b,00000000,4,1
514,514,0,00000000,d,0,000ed65b,00000000,4,3
515,515,0,00000000,d,0,000ed65b,00000000,4,3
516,516,0,00000000,d,0,000ed65b,00000000,4,3
517,517,0,00000000,d,0,000ed65b,00000000,4,1
518,518,0,00000000,d,0,000ed65b,00000000,4,1
519,519,0,00000000,d,0,000ed65b,00000000,4,1
520,520,0,00000000,d,0,000ed65b,00000000,4,1
521,521,0,00000000,d,0,000ed65b,00000000,4,1
522,522,0,00000000,d,0,000ed65b,00000000,4,1
523,523,0,00000000,d,0,000ed65b,00000000,4,5
524,524,0,00000000,d,0,000ed65b,00000000,4,5
525,525,0,00000000,d,0,000ed65b,00000000,4,5
526,526,0,00000002,d,4,000ed65c,00000000,4,1
527,527,0,00000002,d,0,000ed65c,00000000,4,1
528,528,0,00000002,d,0,000ed65c,00000000,4,1
529,529,0,00000002,d,0,000ed65c,00000000,4,1
530,530,0,00000000,d,4,000ed65d,00000000,4,3
531,531,0,00000000,d,0,000ed65d,00000000,4,3
532,532,0,00000000,d,0,000ed65d,00000000,4,3
533,533,0,00000000,d,0,000ed65d,00000000,4,1
534,534,0,00000000,d,0,000ed65d,00000000,4,1
535,535,0,00000000,d,0,000ed65d,00000000,4,1
536,536,0,00000000,d,0,000ed65d,00000000,4,1
537,537,0,00000000,d,0,000ed65d,00000000,4,1
538,538,0,00000000,d,0,000ed65d,00000000,4,1
539,539,0,00000000,d,0,000ed65d,00000000,4,5
540,540,0,00000000,d,0,000ed65d,00000000,4,5
541,541,0,00000000,d,0,000ed65d,00000000,4,5
542,542,0,00000000,d,0,000ed65d,00000000,4,1
543,543,0,00000000,d,0,000ed65d,00000000,4,1
544,544,0,00000000,d,0,000ed65d,00000000,4,1
545,545,0,00000000,d,0,000ed65d,00000000,4,3
546,546,0,00000000,d,0,000ed65d,00000000,4,3
547,547,0,00000000,d,0,000ed65d,00000000,4,3
548,548,0,00000000,d,0,000ed65d,00000000,4,1
549,549,0,00000000,d,0,000ed65d,00000000,4,1
550,550,0,00000000,d,0,000ed65d,00000000,4,1
551,551,0,00000000,d,0,000ed65d,00000000,4,1
552,552,0,00000000,d,0,000ed65d,00000000,4,1
553,553,0,00000000,d,0,000ed65d,00000000,4,1
554,554,0,00000000,d,0,000ed65d,00000000,4,1
555,555,0,00000000,d,0,000ed65d,00000000,4,5
556,556,0,00000000,d,0,000ed65d,00000000,4,5
557,557,0,00000000,d,0,000ed65d,00000000,4,5
558,558,0,00000000,d,0,000ed65d,00000000,4,1
559,559,0,00000000,d,0,000ed65d,00000000,4,1
560,560,0,00000000,d,0,000ed65d,00000000,4,1
561,561,0,00000000,d,0,000ed65d,00000000,4,3
562,562,0,00000000,d,0,000ed65d,00000000,4,3
563,563,0,00000000,d,0,000ed65d,00000000,4,3
564,564,0,00000000,d,0,000ed65d,00000000,4,1
565,565,0,00000000,d,0,000ed65d,00000000,4,1
566,566,0,00000000,d,0,000ed65d,00000000,4,1
567,567,0,00000000,d,0,000ed65d,00000000,4,1
568,568,0,00000000,d,0,000ed65d,00000000,4,1
569,569,0,00000000,d,0,000ed65d,00000000,4,1
570,570,0,00000000,d,0,000ed65d,00000000,4,5
571,571,0,00000000,d,0,000ed65d,00000000,4,5
572,572,0,00000000,d,0,000ed65d,00000000,4,5
573,573,0,00000002,d,4,000ed65e,00000000,4,1
574,574,0,00000002,d,0,000ed65e,00000000,4,1
575,575,0,00000002,d,0,000ed65e,00000000,4,1
576,576,0,00000000,d,4,000ed65f,00000000,4,3
577,577,0,00000000,d,0,000ed65f,00000000,4,3
578,578,0,00000000,d,0,000ed65f,00000000,4,3
579,579,0,00000000,d,0,000ed65f,00000000,4,3
580,580,0,00000000,d,0,000ed65f,00000000,4,1
581,581,0,00000000,d,0,000ed65f,00000000,4,1
582,582,0,00000000,d,0,000ed65f,00000000,4,1
583,583,0,00000000,d,0,000ed65f,00000000,4,1
584,584,0,00000000,d,0,000ed65f,00000000,4,1
585,585,0,00000000,d,0,000ed65f,00000000,4,1
586,586,0,00000000,d,0,000ed65f,00000000,4,5
587,587,0,00000000,d,0,000ed65f,00000000,4,5
588,588,0,00000000,d,0,000ed65f,00000000,4,5
589,589,0,00000000,d,0,000ed65f,00000000,4,1
590,590,0,00000000,d,0,000ed65f,00000000,4,1
591,591,0,00000000,d,0,000ed65f,00000000,4,1
592,592,0,00000000,d,0,000ed65f,00000000,4,3
593,593,0,00000000,d,0,000ed65f,00000000,4,3
594,594,0,00000000,d,0,000ed65f,00000000,4,3
595,595,0,00000000,d,0,000ed65f,00000000,4,1
596,596,0,00000000,d,0,000ed65f,00000000,4,1
597,597,0,00000000,d,0,000ed65f,00000000,4,1
598,598,0,00000000,d,0,000ed65f,00000000,4,1
599,599,0,00000000,d,0,000ed65f,00000000,4,1
600,600,0,00000000,d,0,000ed65f,00000000,4,1
601,601,0,00000000,d,0,000ed65f,00000000,4,5
602,602,0,00000000,d,0,000ed65f,00000000,4,5
603,603,0,00000000,d,0,000ed65f,00000000,4,5
604,604,0,00000000,d,0,000ed65f,00000000,4,5
605,605,0,00000000,d,0,000ed65f,00000000,4,1
606,606,0,00000000,d,0,000ed65f,00000000,4,1
607,607,0,00000000,d,0,000ed65f,00000000,4,1
608,608,0,00000000,d,0,000ed65f,00000000,4,3
609,609,0,00000000,d,0,000ed65f,00000000,4,3
610,610,0,00000000,d,0,000ed65f,00000000,4,3
611,611,0,00000000,d,0,000ed65f,00000000,4,1
612,612,0,00000000,d,0,000ed65f,00000000,4,1
613,613,0,00000000,d,0,000ed65f,00000000,4,1
614,614,0,00000000,d,0,000ed65f,00000000,4,1
615,615,0,00000000,d,0,000ed65f,00000000,4,1
616,616,0,00000000,d,0,000ed65f,00000000,4,1
617,617,0,00000000,d,0,000ed65f,00000000,4,5
618,618,0,00000000,d,0,000ed65f,00000000,4,5
619,619,0,00000000,d,0,000ed65f,00000000,4,5
620,620,0,00000002,d,4,000ed660,00000000,4,1
621,621,0,00000002,d,0,000ed660,00000000,4,1
622,622,0,00000002,d,0,000ed660,00000000,4,1
623,623,0,00000000,d,4,000ed661,00000000,4,3
624,624,0,00000000,d,0,000ed661,00000000,4,3
625,625,0,00000000,d,0,000ed661,00000000,4,3
626,626,0,00000000,d,0,000ed661,00000000,4,3
627,627,0,00000000,d,0,000ed661,00000000,4,1
628,628,0,00000000,d,0,000ed661,00000000,4,1
629,629,0,00000000,d,0,000ed661,00000000,4,1
630,630,0,00000000,d,0,000ed661,00000000,4,1
631,631,0,00000000,d,0,000ed661,00000000,4,1
632,632,0,00000000,d,0,000ed661,00000000,4,1
633,633,0,00000000,d,0,000ed661,00000000,4,5
634,634,0,00000000,d,0,000ed661,00000000,4,5
635,635,0,00000000,d,0,000ed661,00000000,4,5
636,636,0,00000000,d,0,000ed661,00000000,4,1
637,637,0,00000000,d,0,000ed661,00000000,4,1
638,638,0,00000000,d,0,000ed661,00000000,4,1
639,639,0,00000000,d,0,000ed661,00000000,4,3
640,640,0,00000000,d,0,000ed661,00000000,4,3
641,641,0,00000000,d,0,000ed661,00000000,4,3
642,642,0,00000000,d,0,000ed661,00000000,4,1
643,643,0,00000000,d,0,000ed661,00000000,4,1
644,644,0,00000000,d,0,000ed661,00000000,4,1
645,645,0,00000000,d,0,000ed661,00000000,4,1
646,646,0,00000000,d,0,000ed661,00000000,4,1
647,647,0,00000000,d,0,000ed661,00000000,4,1
648,648,0,00000000,d,0,000ed661,00000000,4,5
649,649,0,00000000,d,0,000ed661,00000000,4,5
650,650,0,00000000,d,0,000ed661,00000000,4,5
651,651,0,00000000,d,0,000ed661,00000000,4,1
652,652,0,00000000,d,0,000ed661,00000000,4,1
653,653,0,00000000,d,0,000ed661,00000000,4,1
654,654,0,00000000,d,0,000ed661,00000000,4,1
655,655,0,00000000,d,0,000ed661,00000000,4,3
656,656,0,00000000,d,0,000ed661,00000000,4,3
657,657,0,00000000,d,0,000ed661,00000000,4,3
658,658,0,00000000,d,0,000ed661,00000000,4,1
659,659,0,00000000,d,0,000ed661,00000000,4,1
660,660,0,00000000,d,0,000ed661,00000000,4,1
661,661,0,00000000,d,0,000ed661,00000000,4,1
662,662,0,00000000,d,0,000ed661,00000000,4,1
663,663,0,00000000,d,0,000ed661,00000000,4,1
664,664,0,00000000,d,0,000ed661,00000000,4,5
665,665,0,00000000,d,0,000ed661,00000000,4,5
666,666,0,00000000,d,0,000ed661,00000000,4,5
667,667,0,00000002,d,4,000ed662,00000000,4,1
668,668,0,00000002,d,0,000ed662,00000000,4,1
669,669,0,00000002,d,0,000ed662,00000000,4,1
670,670,0,00000000,d,4,000ed663,00000000,4,3
671,671,0,00000000,d,0,000ed663,00000000,4,3
672,672,0,00000000,d,0,000ed663,00000000,4,3
673,673,0,00000000,d,0,000ed663,00000000,4,1
674,674,0,00000000,d,0,000ed663,00000000,4,1
675,675,0,00000000,d,0,000ed663,00000000,4,1
676,676,0,00000000,d,0,000ed663,00000000,4,1
677,677,0,00000000,d,0,000ed663,00000000,4,1
678,678,0,00000000,d,0,000ed663,00000000,4,1
679,679,0,00000000,d,0,000ed663,00000000,4,1
680,680,0,00000000,d,0,000ed663,00000000,4,5
681,681,0,00000000,d,0,000ed663,00000000,4,5
682,682,0,00000000,d,0,000ed663,00000000,4,5
683,683,0,00000000,d,0,000ed663,00000000,4,1
684,684,0,00000000,d,0,000ed663,00000000,4,1
685,685,0,00000000,d,0,000ed663,00000000,4,1
686,686,0,00000000,d,0,000ed663,00000000,4,3
687,687,0,00000000,d,0,000ed663,00000000,4,3
688,688,0,00000000,d,0,000ed663,00000000,4,3
689,689,0,00000000,d,0,000ed663,00000000,4,1
690,690,0,00000000,d,0,000ed663,00000000,4,1
691,691,0,00000000,d,0,000ed663,00000000,4,1
692,692,0,00000000,d,0,000ed663,00000000,4,1
693,693,0,00000000,d,0,000ed663,00000000,4,1
694,694,0,00000000,d,0,000ed663,00000000,4,1
695,695,0,00000000,d,0,000ed663,00000000,4,5
696,696,0,00000000,d,0,000ed663,00000000,4,5
697,697,0,00000000,d,0,000ed663,00000000,4,5
698,698,0,00000000,d,0,000ed663,00000000,4,1
699,699,0,00000000,d,0,000ed663,00000000,4,1
700,700,0,00000000,d,0,000ed663,00000000,4,1
701,701,0,00000000,d,0,000ed663,00000000,4,3
702,702,0,00000000,d,0,000ed663,00000000,4,3
703,703,0,00000000,d,0,000ed663,00000000,4,3
704,704,0,00000000,d,0,000ed663,00000000,4,3
705,705,0,00000000,d,0,000ed663,00000000,4,1
706,706,0,00000000,d,0,000ed663,00000000,4,1
707,707,0,00000000,d,0,000ed663,00000000,4,1
708,708,0,00000000,d,0,000ed663,00000000,4,1
709,709,0,00000000,d,0,000ed663,00000000,4,1
710,710,0,00000000,d,0,000ed663,00000000,4,1
711,711,0,00000000,d,0,000ed663,00000000,4,5
712,712,0,00000000,d,0,000ed663,00000000,4,5
713,713,0,00000000,d,0,000ed663,00000000,4,5
714,714,0,00000002,d,4,000ed664,00000000,4,1
715,715,0,00000002,d,0,000ed664,00000000,4,1
716,716,0,00000002,d,0,000ed664,00000000,4,1
717,717,0,00000000,d,4,000ed665,00000000,4,3
718,718,0,00000000,d,0,000ed665,00000000,4,3
719,719,0,00000000,d,0,000ed665,00000000,4,3
720,720,0,00000000,d,0,000ed665,00000000,4,1
721,721,0,00000000,d,0,000ed665,00000000,4,1
722,722,0,00000000,d,0,000ed665,00000000,4,1
723,723,0,00000000,d,0,000ed665,00000000,4,1
724,724,0,00000000,d,0,000ed665,00000000,4,1
725,725,0,00000000,d,0,000ed665,00000000,4,1
726,726,0,00000000,d,0,000ed665,00000000,4,5
727,727,0,00000000,d,0,000ed665,00000000,4,5
728,728,0,00000000,d,0,000ed665,00000000,4,5
729,729,0,00000000,d,0,000ed665,00000000,4,5
730,730,0,00000000,d,0,000ed665,00000000,4,1
731,731,0,00000000,d,0,000ed665,00000000,4,1
732,732,0,00000000,d,0,000ed665,00000000,4,1
733,733,0,00000000,d,0,000ed665,00000000,4,3
734,734,0,00000000,d,0,000ed665,00000000,4,3
735,735,0,00000000,d,0,000ed665,00000000,4,3
736,736,0,00000000,d,0,000ed665,00000000,4,1
737,737,0,00000000,d,0,000ed665,00000000,4,1
738,738,0,00000000,d,0,000ed665,00000000,4,1
739,739,0,00000000,d,0,000ed665,00000000,4,1
740,740,0,00000000,d,0,000ed665,00000000,4,1
741,741,0,00000000,d,0,000ed665,00000000,4,1
742,742,0,00000000,d,0,000ed665,00000000,4,5
743,743,0,00000000,d,0,000ed665,00000000,4,5
744,744,0,00000000,d,0,000ed665,00000000,4,5
745,745,0,00000000,d,0,000ed665,00000000,4,1
746,746,0,00000000,d,0,000ed665,00000000,4,1
747,747,0,00000000,d,0,000ed665,00000000,4,1
748,748,0,00000000,d,0,000ed665,00000000,4,3
749,749,0,00000000,d,0,000ed665,00000000,4,3
750,750,0,00000000,d,0,000ed665,00000000,4,3
751,751,0,00000000,d,0,000ed665,00000000,4,3
752,752,0,00000000,d,0,000ed665,00000000,4,1
753,753,0,00000000,d,0,000ed665,00000000,4,1
754,754,0,00000000,d,0,000ed665,00000000,4,1
755,755,0,00000000,d,0,000ed665,00000000,4,1
756,756,0,00000000,d,0,000ed665,00000000,4,1
757,757,0,00000000,d,0,000ed665,00000000,4,1
758,758,0,00000000,d,0,000ed665,00000000,4,5
759,759,0,00000000,d,0,000ed665,00000000,4,5
760,760,0,00000000,d,0,000ed665,00000000,4,5
761,761,0,00000002,d,4,000ed666,00000000,4,1
762,762,0,00000002,d,0,000ed666,00000000,4,1
763,763,0,00000002,d,0,000ed666,00000000,4,1
764,764,0,00000000,d,4,000ed667,00000000,4,3
765,765,0,00000000,d,0,000ed667,00000000,4,3
766,766,0,00000000,d,0,000ed667,00000000,4,3
767,767,0,00000000,d,0,000ed667,00000000,4,1
768,768,0,00000000,d,0,000ed667,00000000,4,1
769,769,0,00000000,d,0,000ed667,00000000,4,1
770,770,0,00000000,d,0,000ed667,00000000,4,1
771,771,0,00000000,d,0,000ed667,00000000,4,1
772,772,0,00000000,d,0,000ed667,00000000,4,1
773,773,0,00000000,d,0,000ed667,00000000,4,5
774,774,0,00000000,d,0,000ed667,00000000,4,5
775,775,0,00000000,d,0,000ed667,00000000,4,5
776,776,0,00000000,d,0,000ed667,00000000,4,1
777,777,0,00000000,d,0,000ed667,00000000,4,1
778,778,0,00000000,d,0,000ed667,00000000,4,1
779,779,0,00000000,d,0,000ed667,00000000,4,1
780,780,0,00000000,d,0,000ed667,00000000,4,3
781,781,0,00000000,d,0,000ed667,00000000,4,3
782,782,0,00000000,d,0,000ed667,00000000,4,3
783,783,0,00000000,d,0,000ed667,00000000,4,1
784,784,0,00000000,d,0,000ed667,00000000,4,1
785,785,0,00000000,d,0,000ed667,00000000,4,1
786,786,0,00000000,d,0,000ed667,00000000,4,1
787,787,0,00000000,d,0,000ed667,00000000,4,1
788,788,0,00000000,d,0,000ed667,00000000,4,1
789,789,0,00000000,d,0,000ed667,00000000,4,5
790,790,0,00000000,d,0,000ed667,00000000,4,5
791,791,0,00000000,d,0,000ed667,00000000,4,5
792,792,0,00000000,d,0,000ed667,00000000,4,1
793,793,0,00000000,d,0,000ed667,00000000,4,1
794,794,0,00000000,d,0,000ed667,00000000,4,1
795,795,0,00000000,d,0,000ed667,00000000,4,3
796,796,0,00000000,d,0,000ed667,00000000,4,3
797,797,0,00000000,d,0,000ed667,00000000,4,3
798,798,0,00000000,d,0,000ed667,00000000,4,1
799,799,0,00000000,d,0,000ed667,00000000,4,1
800,800,0,00000000,d,0,000ed667,00000000,4,1
801,801,0,00000000,d,0,000ed667,00000000,4,1
802,802,0,00000000,d,0,000ed667,00000000,4,1
803,803,0,00000000,d,0,000ed667,00000000,4,1
804,804,0,00000000,d,0,000ed667,00000000,4,1
805,805,0,00000000,d,0,000ed667,00000000,4,5
806,806,0,00000000,d,0,000ed667,00000000,4,5
807,807,0,00000000,d,0,000ed667,00000000,4,5
808,808,0,00000002,d,4,000ed668,00000000,4,1
809,809,0,00000002,d,0,000ed668,00000000,4,1
810,810,0,00000002,d,0,000ed668,00000000,4,1
811,811,0,00000000,d,4,000ed669,00000000,4,3
812,812,0,00000000,d,0,000ed669,00000000,4,3
813,813,0,00000000,d,0,000ed669,00000000,4,3
814,814,0,00000000,d,0,000ed669,00000000,4,1
815,815,0,00000000,d,0,000ed669,00000000,4,1
816,816,0,00000000,d,0,000ed669,00000000,4,1
817,817,0,00000000,d,0,000ed669,00000000,4,1
818,818,0,00000000,d,0,000ed669,00000000,4,1
819,819,0,00000000,d,0,000ed669,00000000,4,1
820,820,0,00000000,d,0,000ed669,00000000,4,5
821,821,0,00000000,d,0,000ed669,00000000,4,5
822,822,0,00000000,d,0,000ed669,00000000,4,5
823,823,0,00000000,d,0,000ed669,00000000,4,1
824,824,0,00000000,d,0,000ed669,00000000,4,1
825,825,0,00000000,d,0,000ed669,00000000,4,1
826,826,0,00000000,d,0,000ed669,00000000,4,3
827,827,0,00000000,d,0,000ed669,00000000,4,3
828,828,0,00000000,d,0,000ed669,00000000,4,3
829,829,0,00000000,d,0,000ed669,00000000,4,3
830,830,0,00000000,d,0,000ed669,00000000,4,1
831,831,0,00000000,d,0,000ed669,00000000,4,1
832,832,0,00000000,d,0,000ed669,00000000,4,1
833,833,0,00000000,d,0,000ed669,00000000,4,1
834,834,0,00000000,d,0,000ed669,00000000,4,1
835,835,0,00000000,d,0,000ed669,00000000,4,1
836,836,0,00000000,d,0,000ed669,00000000,4,5
837,837,0,00000000,d,0,000ed669,00000000,4,5
838,838,0,00000000,d,0,000ed669,00000000,4,5
839,839,0,00000000,d,0,000ed669,00000000,4,1
840,840,0,00000000,d,0,000ed669,00000000,4,1
841,841,0,00000000,d,0,000ed669,00000000,4,1
842,842,0,00000000,d,0,000ed669,00000000,4,3
843,843,0,00000000,d,0,000ed669,00000000,4,3
844,844,0,00000000,d,0,000ed669,00000000,4,3
845,845,0,00000000,d,0,000ed669,00000000,4,1
846,846,0,00000000,d,0,000ed669,00000000,4,1
847,847,0,00000000,d,0,000ed669,00000000,4,1
848,848,0,00000000,d,0,000ed669,00000000,4,1
849,849,0,00000000,d,0,000ed669,00000000,4,1
850,850,0,00000000,d,0,000ed669,00000000,4,1
851,851,0,00000000,d,0,000ed669,00000000,4,5
852,852,0,00000000,d,0,000ed669,00000000,4,5
853,853,0,00000000,d,0,000ed669,00000000,4,5
854,854,0,00000000,d,0,000ed669,00000000,4,5
855,855,0,00000002,d,4,000ed66a,00000000,4,1
856,856,0,00000002,d,0,000ed66a,00000000,4,1
857,857,0,00000002,d,0,000ed66a,00000000,4,1
858,858,0,00000000,d,4,000ed66b,00000000,4,3
859,859,0,00000000,d,0,000ed66b,00000000,4,3
860,860,0,00000000,d,0,000ed66b,00000000,4,3
861,861,0,00000000,d,0,000ed66b,00000000,4,1
862,862,0,00000000,d,0,000ed66b,00000000,4,1
863,863,0,00000000,d,0,000ed66b,00000000,4,1
864,864,0,00000000,d,0,000ed66b,00000000,4,1
865,865,0,00000000,d,0,000ed66b,00000000,4,1
866,866,0,00000000,d,0,000ed66b,00000000,4,1
867,867,0,00000000,d,0,000ed66b,00000000,4,5
868,868,0,00000000,d,0,000ed66b,00000000,4,5
869,869,0,00000000,d,0,000ed66b,00000000,4,5
870,870,0,00000000,d,0,000ed66b,00000000,4,1
871,871,0,00000000,d,0,000ed66b,00000000,4,1
872,872,0,00000000,d,0,000ed66b,00000000,4,1
873,873,0,00000000,d,0,000ed66b,00000000,4,3
874,874,0,00000000,d,0,000ed66b,00000000,4,3
875,875,0,00000000,d,0,000ed66b,00000000,4,3
876,876,0,00000000,d,0,000ed66b,00000000,4,3
877,877,0,00000000,d,0,000ed66b,00000000,4,1
878,878,0,00000000,d,0,000ed66b,00000000,4,1
879,879,0,00000000,d,0,000ed66b,00000000,4,1
880,880,0,00000000,d,0,000ed66b,00000000,4,1
881,881,0,00000000,d,0,000ed66b,00000000,4,1
882,882,0,00000000,d,0,000ed66b,00000000,4,1
883,883,0,00000000,d,0,000ed66b,00000000,4,5
884,884,0,00000000,d,0,000ed66b,00000000,4,5
885,885,0,00000000,d,0,000ed66b,00000000,4,5
886,886,0,00000000,d,0,000ed66b,00000000,4,1
887,887,0,00000000,d,0,000ed66b,00000000,4,1
888,888,0,00000000,d,0,000ed66b,00000000,4,1
889,889,0,00000000,d,0,000ed66b,00000000,4,3
890,890,0,00000000,d,0,000ed66b,00000000,4,3
891,891,0,00000000,d,0,000ed66b,00000000,4,3
892,892,0,00000000,d,0,000ed66b,00000000,4,1
893,893,0,00000000,d,0,000ed66b,00000000,4,1
894,894,0,00000000,d,0,000ed66b,00000000,4,1
895,895,0,00000000,d,0,000ed66b,00000000,4,1
896,896,0,00000000,d,0,000ed66b,00000000,4,1
897,897,0,00000000,d,0,000ed66b,00000000,4,1
898,898,0,00000000,d,0,000ed66b,00000000,4,5
899,899,0,00000000,d,0,000ed66b,00000000,4,5
900,900,0,00000000,d,0,000ed66b,00000000,4,5
901,901,0,00000002,d,4,000ed66c,00000000,4,1
902,902,0,00000002,d,0,000ed66c,00000000,4,1
903,903,0,00000002,d,0,000ed66c,00000000,4,1
904,904,0,00000002,d,0,000ed66c,00000000,4,1
905,905,0,00000000,d,4,000ed66d,00000000,4,3
906,906,0,00000000,d,0,000ed66d,00000000,4,3
907,907,0,00000000,d,0,000ed66d,00000000,4,3
908,908,0,00000000,d,0,000ed66d,00000000,4,1
909,909,0,00000000,d,0,000ed66d,00000000,4,1
910,910,0,00000000,d,0,000ed66d,00000000,4,1
911,911,0,00000000,d,0,000ed66d,00000000,4,1
912,912,0,00000000,d,0,000ed66d,00000000,4,1
913,913,0,00000000,d,0,000ed66d,00000000,4,1
914,914,0,00000000,d,0,000ed66d,00000000,4,5
915,915,0,00000000,d,0,000ed66d,00000000,4,5
916,916,0,00000000,d,0,000ed66d,00000000,4,5
917,917,0,00000000,d,0,000ed66d,00000000,4,1
918,918,0,00000000,d,0,000ed66d,00000000,4,1
919,919,0,00000000,d,0,000ed66d,00000000,4,1
920,920,0,00000000,d,0,000ed66d,00000000,4,3
921,921,0,00000000,d,0,000ed66d,00000000,4,3
922,922,0,00000000,d,0,000ed66d,00000000,4,3
923,923,0,00000000,d,0,000ed66d,00000000,4,1
924,924,0,00000000,d,0,000ed66d,00000000,4,1
925,925,0,00000000,d,0,000ed66d,00000000,4,1
926,926,0,00000000,d,0,000ed66d,00000000,4,1
927,927,0,00000000,d,0,000ed66d,00000000,4,1
928,928,0,00000000,d,0,000ed66d,00000000,4,1
929,929,0,00000000,d,0,000ed66d,00000000,4,1
930,930,0,00000000,d,0,000ed66d,00000000,4,5
931,931,0,00000000,d,0,000ed66d,00000000,4,5
932,932,0,00000000,d,0,000ed66d,00000000,4,5
933,933,0,00000000,d,0,000ed66d,00000000,4,1
934,934,0,00000000,d,0,000ed66d,00000000,4,1
935,935,0,00000000,d,0,000ed66d,00000000,4,1
936,936,0,00000000,d,0,000ed66d,00000000,4,3
937,937,0,00000000,d,0,000ed66d,00000000,4,3
938,938,0,00000000,d,0,000ed66d,00000000,4,3
939,939,0,00000000,d,0,000ed66d,00000000,4,1
940,940,0,00000000,d,0,000ed66d,00000000,4,1
941,941,0,00000000,d,0,000ed66d,00000000,4,1
942,942,0,00000000,d,0,000ed66d,00000000,4,1
943,943,0,00000000,d,0,000ed66d,00000000,4,1
944,944,0,00000000,d,0,000ed66d,00000000,4,1
945,945,0,00000000,d,0,000ed66d,00000000,4,5
946,946,0,00000000,d,0,000ed66d,00000000,4,5
947,947,0,00000000,d,0,000ed66d,00000000,4,5
948,948,0,00000002,d,4,000ed66e,00000000,4,1
949,949,0,00000002,d,0,000ed66e,00000000,4,1
950,950,0,00000002,d,0,000ed66e,00000000,4,1
951,951,0,00000000,d,4,000ed66f,00000000,4,3
952,952,0,00000000,d,0,000ed66f,00000000,4,3
953,953,0,00000000,d,0,000ed66f,00000000,4,3
954,954,0,00000000,d,0,000ed66f,00000000,4,3
955,955,0,00000000,d,0,000ed66f,00000000,4,1
956,956,0,00000000,d,0,000ed66f,00000000,4,1
957,957,0,00000000,d,0,000ed66f,00000000,4,1
958,958,0,00000000,d,0,000ed66f,00000000,4,1
959,959,0,00000000,d,0,000ed66f,00000000,4,1
960,960,0,00000000,d,0,000ed66f,00000000,4,1
961,961,0,00000000,d,0,000ed66f,00000000,4,5
962,962,0,00000000,d,0,000ed66f,00000000,4,5
963,963,0,00000000,d,0,000ed66f,00000000,4,5
964,964,0,00000000,d,0,000ed66f,00000000,4,1
965,965,0,00000000,d,0,000ed66f,00000000,4,1
966,966,0,00000000,d,0,000ed66f,00000000,4,1
967,967,0,00000000,d,0,000ed66f,00000000,4,3
968,968,0,00000000,d,0,000ed66f,00000000,4,3
969,969,0,00000000,d,0,000ed66f,00000000,4,3
970,970,0,00000000,d,0,000ed66f,00000000,4,1
971,971,0,00000000,d,0,000ed66f,00000000,4,1
972,972,0,00000000,d,0,000ed66f,00000000,4,1
973,973,0,00000000,d,0,000ed66f,00000000,4,1
974,974,0,00000000,d,0,000ed66f,00000000,4,1
975,975,0,00000000,d,0,000ed66f,00000000,4,1
976,976,0,00000000,d,0,000ed66f,00000000,4,5
977,977,0,00000000,d,0,000ed66f,00000000,4,5
978,978,0,00000000,d,0,000ed66f,00000000,4,5
979,979,0,00000000,d,0,000ed66f,00000000,4,5
980,980,0,00000000,d,0,000ed66f,00000000,4,1
981,981,0,00000000,d,0,000ed66f,00000000,4,1
982,982,0,00000000,d,0,000ed66f,00000000,4,1
983,983,0,00000000,d,0,000ed66f,00000000,4,3
984,984,0,00000000,d,0,000ed66f,00000000,4,3
985,985,0,00000000,d,0,000ed66f,00000000,4,3
986,986,0,00000000,d,0,000ed66f,00000000,4,1
987,987,0,00000000,d,0,000ed66f,00000000,4,1
988,988,0,00000000,d,0,000ed66f,00000000,4,1
989,989,0,00000000,d,0,000ed66f,00000000,4,1
990,990,0,00000000,d,0,000ed66f,00000000,4,1
991,991,0,00000000,d,0,000ed66f,00000000,4,1
992,992,0,00000000,d,0,000ed66f,00000000,4,5
993,993,0,00000000,d,0,000ed66f,00000000,4,5
994,994,0,00000000,d,0,000ed66f,00000000,4,5
995,995,0,00000002,d,4,000ed670,00000000,4,1
996,996,0,00000002,d,0,000ed670,00000000,4,1
997,997,0,00000002,d,0,000ed670,00000000,4,1
998,998,0,00000000,d,4,000ed671,00000000,4,3
999,999,0,00000000,d,0,000ed671,00000000,4,3
1000,1000,0,00000000,d,0,000ed671,00000000,4,3
1001,1001,0,00000000,d,0,000ed671,00000000,4,3
1002,1002,0,00000000,d,0,000ed671,00000000,4,1
1003,1003,0,00000000,d,0,000ed671,00000000,4,1
1004,1004,0,00000000,d,0,000ed671,00000000,4,1
1005,1005,0,00000000,d,0,000ed671,00000000,4,1
1006,1006,0,00000000,d,0,000ed671,00000000,4,1
1007,1007,0,00000000,d,0,000ed671,00000000,4,1
1008,1008,0,00000000,d,0,000ed671,00000000,4,5
1009,1009,0,00000000,d,0,000ed671,00000000,4,5
1010,1010,0,00000000,d,0,000ed671,00000000,4,5
1011,1011,0,00000000,d,0,000ed671,00000000,4,1
1012,1012,0,00000000,d,0,000ed671,00000000,4,1
1013,1013,0,00000000,d,0,000ed671,00000000,4,1
1014,1014,0,00000000,d,0,000ed671,00000000,4,3
1015,1015,0,00000000,d,0,000ed671,00000000,4,3
1016,1016,0,00000000,d,0,000ed671,00000000,4,3
1017,1017,0,00000000,d,0,000ed671,00000000,4,1
1018,1018,0,00000000,d,0,000ed671,00000000,4,1
1019,1019,0,00000000,d,0,000ed671,00000000,4,1
1020,1020,0,00000000,d,0,000ed671,00000000,4,1
1021,1021,0,00000000,d,0,000ed671,00000000,4,1
1022,1022,0,00000000,d,0,000ed671,00000000,4,1
1023,1023,0,00000000,d,0,000ed671,00000000,4,5
