Sample in Buffer,Sample in Window,TRIGGER,probe0_sysclk_counter[31:0],probe1_reset[3:0],probe2_inputs[2:0],probe3_clk16_edges[31:0],probe4_clk16_state[31:0],probe5_jtag[3:0],probe6_status[2:0]
Radix - UNSIGNED,UNSIGNED,UNSIGNED,HEX,HEX,HEX,HEX,HEX,HEX,HEX
0,0,0,01640b7d,c,4,0000e3da,ed00e3da,f,4
1,1,0,01640b7e,c,4,0000e3da,ed00e3da,f,4
2,2,0,01640b7f,c,4,0000e3da,ed00e3da,f,4
3,3,0,01640b80,c,4,0000e3da,ed00e3da,f,4
4,4,0,01640b81,c,4,0000e3da,ed00e3da,f,4
5,5,0,01640b82,c,4,0000e3da,ed00e3da,f,4
6,6,0,01640b83,c,4,0000e3da,ed00e3da,f,4
7,7,0,01640b84,c,4,0000e3da,ed00e3da,f,4
8,8,0,01640b85,c,4,0000e3da,ed00e3da,f,4
9,9,0,01640b86,c,4,0000e3da,ed00e3da,f,4
10,10,0,01640b87,c,4,0000e3da,ed00e3da,f,4
11,11,0,01640b88,c,4,0000e3da,ed00e3da,f,4
12,12,0,01640b89,c,4,0000e3da,ed00e3da,f,4
13,13,0,01640b8a,c,4,0000e3da,ed00e3da,f,4
14,14,0,01640b8b,c,4,0000e3da,ed00e3da,f,4
15,15,0,01640b8c,c,4,0000e3da,ed00e3da,f,4
16,16,0,01640b8d,c,4,0000e3da,ed00e3da,f,4
17,17,0,01640b8e,c,4,0000e3da,ed00e3da,f,4
18,18,0,01640b8f,c,4,0000e3da,ed00e3da,f,4
19,19,0,01640b90,c,4,0000e3da,ed00e3da,f,4
20,20,0,01640b91,c,4,0000e3da,ed00e3da,f,4
21,21,0,01640b92,c,4,0000e3da,ed00e3da,f,4
22,22,0,01640b93,c,4,0000e3da,ed00e3da,f,4
23,23,0,01640b94,c,4,0000e3da,ed00e3da,f,4
24,24,0,01640b95,c,4,0000e3da,ed00e3da,f,4
25,25,0,01640b96,c,4,0000e3da,ed00e3da,f,4
26,26,0,01640b97,c,4,0000e3da,ed00e3da,f,4
27,27,0,01640b98,c,4,0000e3da,ed00e3da,f,4
28,28,0,01640b99,c,4,0000e3da,ed00e3da,f,4
29,29,0,01640b9a,c,4,0000e3da,ed00e3da,f,4
30,30,0,01640b9b,c,4,0000e3da,ed00e3da,f,4
31,31,0,01640b9c,c,4,0000e3da,ed00e3da,f,4
32,32,0,01640b9d,c,4,0000e3da,ed00e3da,f,4
33,33,0,01640b9e,c,4,0000e3da,ed00e3da,f,4
34,34,0,01640b9f,c,4,0000e3da,ed00e3da,f,4
35,35,0,01640ba0,c,4,0000e3da,ed00e3da,f,4
36,36,0,01640ba1,c,4,0000e3da,ed00e3da,f,4
37,37,0,01640ba2,c,4,0000e3da,ed00e3da,f,4
38,38,0,01640ba3,c,4,0000e3da,ed00e3da,f,4
39,39,0,01640ba4,c,4,0000e3da,ed00e3da,f,4
40,40,0,01640ba5,c,4,0000e3da,ed00e3da,f,4
41,41,0,01640ba6,c,4,0000e3da,ed00e3da,f,4
42,42,0,01640ba7,c,4,0000e3da,ed00e3da,f,4
43,43,0,01640ba8,c,4,0000e3da,ed00e3da,f,4
44,44,0,01640ba9,c,4,0000e3da,ed00e3da,f,4
45,45,0,01640baa,c,4,0000e3da,ed00e3da,f,4
46,46,0,01640bab,c,4,0000e3da,ed00e3da,f,4
47,47,0,01640bac,c,4,0000e3da,ed00e3da,f,4
48,48,0,01640bad,c,4,0000e3da,ed00e3da,f,4
49,49,0,01640bae,c,4,0000e3da,ed00e3da,f,4
50,50,0,01640baf,c,4,0000e3da,ed00e3da,f,4
51,51,0,01640bb0,c,4,0000e3da,ed00e3da,f,4
52,52,0,01640bb1,c,4,0000e3da,ed00e3da,f,4
53,53,0,01640bb2,c,4,0000e3da,ed00e3da,f,4
54,54,0,01640bb3,c,4,0000e3da,ed00e3da,f,4
55,55,0,01640bb4,c,4,0000e3da,ed00e3da,f,4
56,56,0,01640bb5,c,4,0000e3da,ed00e3da,f,4
57,57,0,01640bb6,c,4,0000e3da,ed00e3da,f,4
58,58,0,01640bb7,c,4,0000e3da,ed00e3da,f,4
59,59,0,01640bb8,c,4,0000e3da,ed00e3da,f,4
60,60,0,01640bb9,c,4,0000e3da,ed00e3da,f,4
61,61,0,01640bba,c,4,0000e3da,ed00e3da,f,4
62,62,0,01640bbb,c,4,0000e3da,ed00e3da,f,4
63,63,0,01640bbc,c,4,0000e3da,ed00e3da,f,4
64,64,0,01640bbd,c,4,0000e3da,ed00e3da,f,4
65,65,0,01640bbe,c,4,0000e3da,ed00e3da,f,4
66,66,0,01640bbf,c,4,0000e3da,ed00e3da,f,4
67,67,0,01640bc0,c,4,0000e3da,ed00e3da,f,4
68,68,0,01640bc1,c,4,0000e3da,ed00e3da,f,4
69,69,0,01640bc2,c,4,0000e3da,ed00e3da,f,4
70,70,0,01640bc3,c,4,0000e3da,ed00e3da,f,4
71,71,0,01640bc4,c,4,0000e3da,ed00e3da,f,4
72,72,0,01640bc5,c,4,0000e3da,ed00e3da,f,4
73,73,0,01640bc6,c,4,0000e3da,ed00e3da,f,4
74,74,0,01640bc7,c,4,0000e3da,ed00e3da,f,4
75,75,0,01640bc8,c,4,0000e3da,ed00e3da,f,4
76,76,0,01640bc9,c,4,0000e3da,ed00e3da,f,4
77,77,0,01640bca,c,4,0000e3da,ed00e3da,f,4
78,78,0,01640bcb,c,4,0000e3da,ed00e3da,f,4
79,79,0,01640bcc,c,4,0000e3da,ed00e3da,f,4
80,80,0,01640bcd,c,4,0000e3da,ed00e3da,f,4
81,81,0,01640bce,c,4,0000e3da,ed00e3da,f,4
82,82,0,01640bcf,c,4,0000e3da,ed00e3da,f,4
83,83,0,01640bd0,c,4,0000e3da,ed00e3da,f,4
84,84,0,01640bd1,c,4,0000e3da,ed00e3da,f,4
85,85,0,01640bd2,c,4,0000e3da,ed00e3da,f,4
86,86,0,01640bd3,c,4,0000e3da,ed00e3da,f,4
87,87,0,01640bd4,c,4,0000e3da,ed00e3da,f,4
88,88,0,01640bd5,c,4,0000e3da,ed00e3da,f,4
89,89,0,01640bd6,c,4,0000e3da,ed00e3da,f,4
90,90,0,01640bd7,c,4,0000e3da,ed00e3da,f,4
91,91,0,01640bd8,c,4,0000e3da,ed00e3da,f,4
92,92,0,01640bd9,c,4,0000e3da,ed00e3da,f,4
93,93,0,01640bda,c,4,0000e3da,ed00e3da,f,4
94,94,0,01640bdb,c,4,0000e3da,ed00e3da,f,4
95,95,0,01640bdc,c,4,0000e3da,ed00e3da,f,4
96,96,0,01640bdd,c,4,0000e3da,ed00e3da,f,4
97,97,0,01640bde,c,4,0000e3da,ed00e3da,f,4
98,98,0,01640bdf,c,4,0000e3da,ed00e3da,f,4
99,99,0,01640be0,c,4,0000e3da,ed00e3da,f,4
100,100,0,01640be1,c,4,0000e3da,ed00e3da,f,4
101,101,0,01640be2,c,4,0000e3da,ed00e3da,f,4
102,102,0,01640be3,c,4,0000e3da,ed00e3da,f,4
103,103,0,01640be4,c,4,0000e3da,ed00e3da,f,4
104,104,0,01640be5,c,6,0000e3da,ed00e3da,f,4
105,105,0,01640be6,c,7,0000e3db,ed00e3db,f,4
106,106,0,01640be7,c,7,0000e3db,ed00e3db,f,4
107,107,0,01640be8,c,7,0000e3db,ed00e3db,f,4
108,108,0,01640be9,c,7,0000e3db,ed00e3db,f,4
109,109,0,01640bea,c,7,0000e3db,ed00e3db,f,4
110,110,0,01640beb,c,7,0000e3db,ed00e3db,f,4
111,111,0,01640bec,c,7,0000e3db,ed00e3db,f,4
112,112,0,01640bed,c,7,0000e3db,ed00e3db,f,4
113,113,0,01640bee,c,7,0000e3db,ed00e3db,f,4
114,114,0,01640bef,c,7,0000e3db,ed00e3db,f,4
115,115,0,01640bf0,c,7,0000e3db,ed00e3db,f,4
116,116,0,01640bf1,c,7,0000e3db,ed00e3db,f,4
117,117,0,01640bf2,c,7,0000e3db,ed00e3db,f,4
118,118,0,01640bf3,c,7,0000e3db,ed00e3db,f,4
119,119,0,01640bf4,c,7,0000e3db,ed00e3db,f,4
120,120,0,01640bf5,c,7,0000e3db,ed00e3db,f,4
121,121,0,01640bf6,c,7,0000e3db,ed00e3db,f,4
122,122,0,01640bf7,c,7,0000e3db,ed00e3db,f,4
123,123,0,01640bf8,c,7,0000e3db,ed00e3db,f,4
124,124,0,01640bf9,c,7,0000e3db,ed00e3db,f,4
125,125,0,01640bfa,c,7,0000e3db,ed00e3db,f,4
126,126,0,01640bfb,c,7,0000e3db,ed00e3db,f,4
127,127,0,01640bfc,c,7,0000e3db,ed00e3db,f,4
128,128,0,01640bfd,c,7,0000e3db,ed00e3db,f,4
129,129,0,01640bfe,c,7,0000e3db,ed00e3db,f,4
130,130,0,01640bff,c,7,0000e3db,ed00e3db,f,4
131,131,0,01640c00,c,7,0000e3db,ed00e3db,f,4
132,132,0,01640c01,c,7,0000e3db,ed00e3db,f,4
133,133,0,01640c02,c,7,0000e3db,ed00e3db,f,4
134,134,0,01640c03,c,7,0000e3db,ed00e3db,f,4
135,135,0,01640c04,c,7,0000e3db,ed00e3db,f,4
136,136,0,01640c05,c,7,0000e3db,ed00e3db,f,4
137,137,0,01640c06,c,7,0000e3db,ed00e3db,f,4
138,138,0,01640c07,c,7,0000e3db,ed00e3db,f,4
139,139,0,01640c08,c,7,0000e3db,ed00e3db,f,4
140,140,0,01640c09,c,7,0000e3db,ed00e3db,f,4
141,141,0,01640c0a,c,7,0000e3db,ed00e3db,f,4
142,142,0,01640c0b,c,7,0000e3db,ed00e3db,f,4
143,143,0,01640c0c,c,7,0000e3db,ed00e3db,f,4
144,144,0,01640c0d,c,7,0000e3db,ed00e3db,f,4
145,145,0,01640c0e,c,7,0000e3db,ed00e3db,f,4
146,146,0,01640c0f,c,7,0000e3db,ed00e3db,f,4
147,147,0,01640c10,c,7,0000e3db,ed00e3db,f,4
148,148,0,01640c11,c,7,0000e3db,ed00e3db,f,4
149,149,0,01640c12,c,7,0000e3db,ed00e3db,f,4
150,150,0,01640c13,c,7,0000e3db,ed00e3db,f,4
151,151,0,01640c14,c,7,0000e3db,ed00e3db,f,4
152,152,0,01640c15,c,7,0000e3db,ed00e3db,f,4
153,153,0,01640c16,c,7,0000e3db,ed00e3db,f,4
154,154,0,01640c17,c,7,0000e3db,ed00e3db,f,4
155,155,0,01640c18,c,7,0000e3db,ed00e3db,f,4
156,156,0,01640c19,c,7,0000e3db,ed00e3db,f,4
157,157,0,01640c1a,c,7,0000e3db,ed00e3db,f,4
158,158,0,01640c1b,c,7,0000e3db,ed00e3db,f,4
159,159,0,01640c1c,c,7,0000e3db,ed00e3db,f,4
160,160,0,01640c1d,c,7,0000e3db,ed00e3db,f,4
161,161,0,01640c1e,c,7,0000e3db,ed00e3db,f,4
162,162,0,01640c1f,c,7,0000e3db,ed00e3db,f,4
163,163,0,01640c20,c,7,0000e3db,ed00e3db,f,4
164,164,0,01640c21,c,7,0000e3db,ed00e3db,f,4
165,165,0,01640c22,c,7,0000e3db,ed00e3db,f,4
166,166,0,01640c23,c,7,0000e3db,ed00e3db,f,4
167,167,0,01640c24,c,7,0000e3db,ed00e3db,f,4
168,168,0,01640c25,c,7,0000e3db,ed00e3db,f,4
169,169,0,01640c26,c,7,0000e3db,ed00e3db,f,4
170,170,0,01640c27,c,7,0000e3db,ed00e3db,f,4
171,171,0,01640c28,c,7,0000e3db,ed00e3db,f,4
172,172,0,01640c29,c,7,0000e3db,ed00e3db,f,4
173,173,0,01640c2a,c,7,0000e3db,ed00e3db,f,4
174,174,0,01640c2b,c,7,0000e3db,ed00e3db,f,4
175,175,0,01640c2c,c,7,0000e3db,ed00e3db,f,4
176,176,0,01640c2d,c,7,0000e3db,ed00e3db,f,4
177,177,0,01640c2e,c,7,0000e3db,ed00e3db,f,4
178,178,0,01640c2f,c,7,0000e3db,ed00e3db,f,4
179,179,0,01640c30,c,7,0000e3db,ed00e3db,f,4
180,180,0,01640c31,c,7,0000e3db,ed00e3db,f,4
181,181,0,01640c32,c,7,0000e3db,ed00e3db,f,4
182,182,0,01640c33,c,7,0000e3db,ed00e3db,f,4
183,183,0,01640c34,c,7,0000e3db,ed00e3db,f,4
184,184,0,01640c35,c,7,0000e3db,ed00e3db,f,4
185,185,0,01640c36,c,7,0000e3db,ed00e3db,f,4
186,186,0,01640c37,c,7,0000e3db,ed00e3db,f,4
187,187,0,01640c38,c,7,0000e3db,ed00e3db,f,4
188,188,0,01640c39,c,7,0000e3db,ed00e3db,f,4
189,189,0,01640c3a,c,7,0000e3db,ed00e3db,f,4
190,190,0,01640c3b,c,7,0000e3db,ed00e3db,f,4
191,191,0,01640c3c,c,7,0000e3db,ed00e3db,f,4
192,192,0,01640c3d,c,7,0000e3db,ed00e3db,f,4
193,193,0,01640c3e,c,7,0000e3db,ed00e3db,f,4
194,194,0,01640c3f,c,7,0000e3db,ed00e3db,f,4
195,195,0,01640c40,c,7,0000e3db,ed00e3db,f,4
196,196,0,01640c41,c,7,0000e3db,ed00e3db,f,4
197,197,0,01640c42,c,7,0000e3db,ed00e3db,f,4
198,198,0,01640c43,c,7,0000e3db,ed00e3db,f,4
199,199,0,01640c44,c,7,0000e3db,ed00e3db,f,4
200,200,0,01640c45,c,7,0000e3db,ed00e3db,f,4
201,201,0,01640c46,c,7,0000e3db,ed00e3db,f,4
202,202,0,01640c47,c,7,0000e3db,ed00e3db,f,4
203,203,0,01640c48,c,7,0000e3db,ed00e3db,f,4
204,204,0,01640c49,c,7,0000e3db,ed00e3db,f,4
205,205,0,01640c4a,c,7,0000e3db,ed00e3db,f,4
206,206,0,01640c4b,c,7,0000e3db,ed00e3db,f,4
207,207,0,01640c4c,c,7,0000e3db,ed00e3db,f,4
208,208,0,01640c4d,c,7,0000e3db,ed00e3db,f,4
209,209,0,01640c4e,c,7,0000e3db,ed00e3db,f,4
210,210,0,01640c4f,c,7,0000e3db,ed00e3db,f,4
211,211,0,01640c50,c,7,0000e3db,ed00e3db,f,4
212,212,0,01640c51,c,7,0000e3db,ed00e3db,f,4
213,213,0,01640c52,c,7,0000e3db,ed00e3db,f,4
214,214,0,01640c53,c,7,0000e3db,ed00e3db,f,4
215,215,0,01640c54,c,7,0000e3db,ed00e3db,f,4
216,216,0,01640c55,c,7,0000e3db,ed00e3db,f,4
217,217,0,01640c56,c,7,0000e3db,ed00e3db,f,4
218,218,0,01640c57,c,7,0000e3db,ed00e3db,f,4
219,219,0,01640c58,c,7,0000e3db,ed00e3db,f,4
220,220,0,01640c59,c,7,0000e3db,ed00e3db,f,4
221,221,0,01640c5a,c,7,0000e3db,ed00e3db,f,4
222,222,0,01640c5b,c,7,0000e3db,ed00e3db,f,4
223,223,0,01640c5c,c,7,0000e3db,ed00e3db,f,4
224,224,0,01640c5d,c,7,0000e3db,ed00e3db,f,4
225,225,0,01640c5e,c,7,0000e3db,ed00e3db,f,4
226,226,0,01640c5f,c,7,0000e3db,ed00e3db,f,4
227,227,0,01640c60,c,7,0000e3db,ed00e3db,f,4
228,228,0,01640c61,c,7,0000e3db,ed00e3db,f,4
229,229,0,01640c62,c,7,0000e3db,ed00e3db,f,4
230,230,0,01640c63,c,7,0000e3db,ed00e3db,f,4
231,231,0,01640c64,c,7,0000e3db,ed00e3db,f,4
232,232,0,01640c65,c,7,0000e3db,ed00e3db,f,4
233,233,0,01640c66,c,7,0000e3db,ed00e3db,f,4
234,234,0,01640c67,c,7,0000e3db,ed00e3db,f,4
235,235,0,01640c68,c,7,0000e3db,ed00e3db,f,4
236,236,0,01640c69,c,7,0000e3db,ed00e3db,f,4
237,237,0,01640c6a,c,7,0000e3db,ed00e3db,f,4
238,238,0,01640c6b,c,7,0000e3db,ed00e3db,f,4
239,239,0,01640c6c,c,7,0000e3db,ed00e3db,f,4
240,240,0,01640c6d,c,7,0000e3db,ed00e3db,f,4
241,241,0,01640c6e,c,7,0000e3db,ed00e3db,f,4
242,242,0,01640c6f,c,7,0000e3db,ed00e3db,f,4
243,243,0,01640c70,c,7,0000e3db,ed00e3db,f,4
244,244,0,01640c71,c,7,0000e3db,ed00e3db,f,4
245,245,0,01640c72,c,7,0000e3db,ed00e3db,f,4
246,246,0,01640c73,c,7,0000e3db,ed00e3db,f,4
247,247,0,01640c74,c,7,0000e3db,ed00e3db,f,4
248,248,0,01640c75,c,7,0000e3db,ed00e3db,f,4
249,249,0,01640c76,c,7,0000e3db,ed00e3db,f,4
250,250,0,01640c77,c,7,0000e3db,ed00e3db,f,4
251,251,0,01640c78,c,7,0000e3db,ed00e3db,f,4
252,252,0,01640c79,c,7,0000e3db,ed00e3db,f,4
253,253,0,01640c7a,c,7,0000e3db,ed00e3db,f,4
254,254,0,01640c7b,c,7,0000e3db,ed00e3db,f,4
255,255,0,01640c7c,c,7,0000e3db,ed00e3db,f,4
256,256,0,01640c7d,c,7,0000e3db,ed00e3db,f,4
257,257,0,01640c7e,c,7,0000e3db,ed00e3db,f,4
258,258,0,01640c7f,c,7,0000e3db,ed00e3db,f,4
259,259,0,01640c80,c,7,0000e3db,ed00e3db,f,4
260,260,0,01640c81,c,7,0000e3db,ed00e3db,f,4
261,261,0,01640c82,c,7,0000e3db,ed00e3db,f,4
262,262,0,01640c83,c,7,0000e3db,ed00e3db,f,4
263,263,0,01640c84,c,7,0000e3db,ed00e3db,f,4
264,264,0,01640c85,c,7,0000e3db,ed00e3db,f,4
265,265,0,01640c86,c,7,0000e3db,ed00e3db,f,4
266,266,0,01640c87,c,7,0000e3db,ed00e3db,f,4
267,267,0,01640c88,c,7,0000e3db,ed00e3db,f,4
268,268,0,01640c89,c,7,0000e3db,ed00e3db,f,4
269,269,0,01640c8a,c,7,0000e3db,ed00e3db,f,4
270,270,0,01640c8b,c,7,0000e3db,ed00e3db,f,4
271,271,0,01640c8c,c,7,0000e3db,ed00e3db,f,4
272,272,0,01640c8d,c,7,0000e3db,ed00e3db,f,4
273,273,0,01640c8e,c,7,0000e3db,ed00e3db,f,4
274,274,0,01640c8f,c,7,0000e3db,ed00e3db,f,4
275,275,0,01640c90,c,7,0000e3db,ed00e3db,f,4
276,276,0,01640c91,c,7,0000e3db,ed00e3db,f,4
277,277,0,01640c92,c,7,0000e3db,ed00e3db,f,4
278,278,0,01640c93,c,7,0000e3db,ed00e3db,f,4
279,279,0,01640c94,c,7,0000e3db,ed00e3db,f,4
280,280,0,01640c95,c,7,0000e3db,ed00e3db,f,4
281,281,0,01640c96,c,7,0000e3db,ed00e3db,f,4
282,282,0,01640c97,c,7,0000e3db,ed00e3db,f,4
283,283,0,01640c98,c,7,0000e3db,ed00e3db,f,4
284,284,0,01640c99,c,7,0000e3db,ed00e3db,f,4
285,285,0,01640c9a,c,7,0000e3db,ed00e3db,f,4
286,286,0,01640c9b,c,7,0000e3db,ed00e3db,f,4
287,287,0,01640c9c,c,7,0000e3db,ed00e3db,f,4
288,288,0,01640c9d,c,7,0000e3db,ed00e3db,f,4
289,289,0,01640c9e,c,7,0000e3db,ed00e3db,f,4
290,290,0,01640c9f,c,7,0000e3db,ed00e3db,f,4
291,291,0,01640ca0,c,7,0000e3db,ed00e3db,f,4
292,292,0,01640ca1,c,7,0000e3db,ed00e3db,f,4
293,293,0,01640ca2,c,7,0000e3db,ed00e3db,f,4
294,294,0,01640ca3,c,7,0000e3db,ed00e3db,f,4
295,295,0,01640ca4,c,7,0000e3db,ed00e3db,f,4
296,296,0,01640ca5,c,7,0000e3db,ed00e3db,f,4
297,297,0,01640ca6,c,7,0000e3db,ed00e3db,f,4
298,298,0,01640ca7,c,7,0000e3db,ed00e3db,f,4
299,299,0,01640ca8,c,7,0000e3db,ed00e3db,f,4
300,300,0,01640ca9,c,7,0000e3db,ed00e3db,f,4
301,301,0,01640caa,c,7,0000e3db,ed00e3db,f,4
302,302,0,01640cab,c,7,0000e3db,ed00e3db,f,4
303,303,0,01640cac,c,7,0000e3db,ed00e3db,f,4
304,304,0,01640cad,c,7,0000e3db,ed00e3db,f,4
305,305,0,01640cae,c,7,0000e3db,ed00e3db,f,4
306,306,0,01640caf,c,7,0000e3db,ed00e3db,f,4
307,307,0,01640cb0,c,7,0000e3db,ed00e3db,f,4
308,308,0,01640cb1,c,7,0000e3db,ed00e3db,f,4
309,309,0,01640cb2,c,7,0000e3db,ed00e3db,f,4
310,310,0,01640cb3,c,7,0000e3db,ed00e3db,f,4
311,311,0,01640cb4,c,7,0000e3db,ed00e3db,f,4
312,312,0,01640cb5,c,7,0000e3db,ed00e3db,f,4
313,313,0,01640cb6,c,7,0000e3db,ed00e3db,f,4
314,314,0,01640cb7,c,7,0000e3db,ed00e3db,f,4
315,315,0,01640cb8,c,7,0000e3db,ed00e3db,f,4
316,316,0,01640cb9,c,7,0000e3db,ed00e3db,f,4
317,317,0,01640cba,c,7,0000e3db,ed00e3db,f,4
318,318,0,01640cbb,c,7,0000e3db,ed00e3db,f,4
319,319,0,01640cbc,c,7,0000e3db,ed00e3db,f,4
320,320,0,01640cbd,c,7,0000e3db,ed00e3db,f,4
321,321,0,01640cbe,c,7,0000e3db,ed00e3db,f,4
322,322,0,01640cbf,c,7,0000e3db,ed00e3db,f,4
323,323,0,01640cc0,c,7,0000e3db,ed00e3db,f,4
324,324,0,01640cc1,c,7,0000e3db,ed00e3db,f,4
325,325,0,01640cc2,c,7,0000e3db,ed00e3db,f,4
326,326,0,01640cc3,c,7,0000e3db,ed00e3db,f,4
327,327,0,01640cc4,c,7,0000e3db,ed00e3db,f,4
328,328,0,01640cc5,c,7,0000e3db,ed00e3db,f,4
329,329,0,01640cc6,c,7,0000e3db,ed00e3db,f,4
330,330,0,01640cc7,c,7,0000e3db,ed00e3db,f,4
331,331,0,01640cc8,c,7,0000e3db,ed00e3db,f,4
332,332,0,01640cc9,c,7,0000e3db,ed00e3db,f,4
333,333,0,01640cca,c,7,0000e3db,ed00e3db,f,4
334,334,0,01640ccb,c,7,0000e3db,ed00e3db,f,4
335,335,0,01640ccc,c,7,0000e3db,ed00e3db,f,4
336,336,0,01640ccd,c,7,0000e3db,ed00e3db,f,4
337,337,0,01640cce,c,7,0000e3db,ed00e3db,f,4
338,338,0,01640ccf,c,7,0000e3db,ed00e3db,f,4
339,339,0,01640cd0,c,7,0000e3db,ed00e3db,f,4
340,340,0,01640cd1,c,7,0000e3db,ed00e3db,f,4
341,341,0,01640cd2,c,7,0000e3db,ed00e3db,f,4
342,342,0,01640cd3,c,7,0000e3db,ed00e3db,f,4
343,343,0,01640cd4,c,7,0000e3db,ed00e3db,f,4
344,344,0,01640cd5,c,7,0000e3db,ed00e3db,f,4
345,345,0,01640cd6,c,7,0000e3db,ed00e3db,f,4
346,346,0,01640cd7,c,7,0000e3db,ed00e3db,f,4
347,347,0,01640cd8,c,7,0000e3db,ed00e3db,f,4
348,348,0,01640cd9,c,7,0000e3db,ed00e3db,f,4
349,349,0,01640cda,c,7,0000e3db,ed00e3db,f,4
350,350,0,01640cdb,c,7,0000e3db,ed00e3db,f,4
351,351,0,01640cdc,c,7,0000e3db,ed00e3db,f,4
352,352,0,01640cdd,c,7,0000e3db,ed00e3db,f,4
353,353,0,01640cde,c,7,0000e3db,ed00e3db,f,4
354,354,0,01640cdf,c,7,0000e3db,ed00e3db,f,4
355,355,0,01640ce0,c,7,0000e3db,ed00e3db,f,4
356,356,0,01640ce1,c,7,0000e3db,ed00e3db,f,4
357,357,0,01640ce2,c,7,0000e3db,ed00e3db,f,4
358,358,0,01640ce3,c,7,0000e3db,ed00e3db,f,4
359,359,0,01640ce4,c,7,0000e3db,ed00e3db,f,4
360,360,0,01640ce5,c,7,0000e3db,ed00e3db,f,4
361,361,0,01640ce6,c,7,0000e3db,ed00e3db,f,4
362,362,0,01640ce7,c,7,0000e3db,ed00e3db,f,4
363,363,0,01640ce8,c,7,0000e3db,ed00e3db,f,4
364,364,0,01640ce9,c,7,0000e3db,ed00e3db,f,4
365,365,0,01640cea,c,7,0000e3db,ed00e3db,f,4
366,366,0,01640ceb,c,7,0000e3db,ed00e3db,f,4
367,367,0,01640cec,c,7,0000e3db,ed00e3db,f,4
368,368,0,01640ced,c,7,0000e3db,ed00e3db,f,4
369,369,0,01640cee,c,7,0000e3db,ed00e3db,f,4
370,370,0,01640cef,c,7,0000e3db,ed00e3db,f,4
371,371,0,01640cf0,c,7,0000e3db,ed00e3db,f,4
372,372,0,01640cf1,c,7,0000e3db,ed00e3db,f,4
373,373,0,01640cf2,c,7,0000e3db,ed00e3db,f,4
374,374,0,01640cf3,c,7,0000e3db,ed00e3db,f,4
375,375,0,01640cf4,c,7,0000e3db,ed00e3db,f,4
376,376,0,01640cf5,c,7,0000e3db,ed00e3db,f,4
377,377,0,01640cf6,c,7,0000e3db,ed00e3db,f,4
378,378,0,01640cf7,c,7,0000e3db,ed00e3db,f,4
379,379,0,01640cf8,c,7,0000e3db,ed00e3db,f,4
380,380,0,01640cf9,c,7,0000e3db,ed00e3db,f,4
381,381,0,01640cfa,c,7,0000e3db,ed00e3db,f,4
382,382,0,01640cfb,c,7,0000e3db,ed00e3db,f,4
383,383,0,01640cfc,c,7,0000e3db,ed00e3db,f,4
384,384,0,01640cfd,c,7,0000e3db,ed00e3db,f,4
385,385,0,01640cfe,c,7,0000e3db,ed00e3db,f,4
386,386,0,01640cff,c,7,0000e3db,ed00e3db,f,4
387,387,0,01640d00,c,7,0000e3db,ed00e3db,f,4
388,388,0,01640d01,c,7,0000e3db,ed00e3db,f,4
389,389,0,01640d02,c,7,0000e3db,ed00e3db,f,4
390,390,0,01640d03,c,7,0000e3db,ed00e3db,f,4
391,391,0,01640d04,c,7,0000e3db,ed00e3db,f,4
392,392,0,01640d05,c,7,0000e3db,ed00e3db,f,4
393,393,0,01640d06,c,7,0000e3db,ed00e3db,f,4
394,394,0,01640d07,c,7,0000e3db,ed00e3db,f,4
395,395,0,01640d08,c,7,0000e3db,ed00e3db,f,4
396,396,0,01640d09,c,7,0000e3db,ed00e3db,f,4
397,397,0,01640d0a,c,7,0000e3db,ed00e3db,f,4
398,398,0,01640d0b,c,7,0000e3db,ed00e3db,f,4
399,399,0,01640d0c,c,7,0000e3db,ed00e3db,f,4
400,400,0,01640d0d,c,7,0000e3db,ed00e3db,f,4
401,401,0,01640d0e,c,7,0000e3db,ed00e3db,f,4
402,402,0,01640d0f,c,7,0000e3db,ed00e3db,f,4
403,403,0,01640d10,c,7,0000e3db,ed00e3db,f,4
404,404,0,01640d11,c,7,0000e3db,ed00e3db,f,4
405,405,0,01640d12,c,7,0000e3db,ed00e3db,f,4
406,406,0,01640d13,c,7,0000e3db,ed00e3db,f,4
407,407,0,01640d14,c,7,0000e3db,ed00e3db,f,4
408,408,0,01640d15,c,7,0000e3db,ed00e3db,f,4
409,409,0,01640d16,c,7,0000e3db,ed00e3db,f,4
410,410,0,01640d17,c,7,0000e3db,ed00e3db,f,4
411,411,0,01640d18,c,7,0000e3db,ed00e3db,f,4
412,412,0,01640d19,c,7,0000e3db,ed00e3db,f,4
413,413,0,01640d1a,c,7,0000e3db,ed00e3db,f,4
414,414,0,01640d1b,c,7,0000e3db,ed00e3db,f,4
415,415,0,01640d1c,c,7,0000e3db,ed00e3db,f,4
416,416,0,01640d1d,c,7,0000e3db,ed00e3db,f,4
417,417,0,01640d1e,c,7,0000e3db,ed00e3db,f,4
418,418,0,01640d1f,c,7,0000e3db,ed00e3db,f,4
419,419,0,01640d20,c,7,0000e3db,ed00e3db,f,4
420,420,0,01640d21,c,7,0000e3db,ed00e3db,f,4
421,421,0,01640d22,c,7,0000e3db,ed00e3db,f,4
422,422,0,01640d23,c,7,0000e3db,ed00e3db,f,4
423,423,0,01640d24,c,7,0000e3db,ed00e3db,f,4
424,424,0,01640d25,c,7,0000e3db,ed00e3db,f,4
425,425,0,01640d26,c,7,0000e3db,ed00e3db,f,4
426,426,0,01640d27,c,7,0000e3db,ed00e3db,f,4
427,427,0,01640d28,c,7,0000e3db,ed00e3db,f,4
428,428,0,01640d29,c,7,0000e3db,ed00e3db,f,4
429,429,0,01640d2a,c,7,0000e3db,ed00e3db,f,4
430,430,0,01640d2b,c,7,0000e3db,ed00e3db,f,4
431,431,0,01640d2c,c,7,0000e3db,ed00e3db,f,4
432,432,0,01640d2d,c,7,0000e3db,ed00e3db,f,4
433,433,0,01640d2e,c,7,0000e3db,ed00e3db,f,4
434,434,0,01640d2f,c,7,0000e3db,ed00e3db,f,4
435,435,0,01640d30,c,7,0000e3db,ed00e3db,f,4
436,436,0,01640d31,c,7,0000e3db,ed00e3db,f,4
437,437,0,01640d32,c,7,0000e3db,ed00e3db,f,4
438,438,0,01640d33,c,7,0000e3db,ed00e3db,f,4
439,439,0,01640d34,c,7,0000e3db,ed00e3db,f,4
440,440,0,01640d35,c,7,0000e3db,ed00e3db,f,4
441,441,0,01640d36,c,7,0000e3db,ed00e3db,f,4
442,442,0,01640d37,c,7,0000e3db,ed00e3db,f,4
443,443,0,01640d38,c,7,0000e3db,ed00e3db,f,4
444,444,0,01640d39,c,7,0000e3db,ed00e3db,f,4
445,445,0,01640d3a,c,7,0000e3db,ed00e3db,f,4
446,446,0,01640d3b,c,7,0000e3db,ed00e3db,f,4
447,447,0,01640d3c,c,7,0000e3db,ed00e3db,f,4
448,448,0,01640d3d,c,7,0000e3db,ed00e3db,f,4
449,449,0,01640d3e,c,7,0000e3db,ed00e3db,f,4
450,450,0,01640d3f,c,7,0000e3db,ed00e3db,f,4
451,451,0,01640d40,c,7,0000e3db,ed00e3db,f,4
452,452,0,01640d41,c,7,0000e3db,ed00e3db,f,4
453,453,0,01640d42,c,7,0000e3db,ed00e3db,f,4
454,454,0,01640d43,c,7,0000e3db,ed00e3db,f,4
455,455,0,01640d44,c,7,0000e3db,ed00e3db,f,4
456,456,0,01640d45,c,7,0000e3db,ed00e3db,f,4
457,457,0,01640d46,c,7,0000e3db,ed00e3db,f,4
458,458,0,01640d47,c,7,0000e3db,ed00e3db,f,4
459,459,0,01640d48,c,7,0000e3db,ed00e3db,f,4
460,460,0,01640d49,c,7,0000e3db,ed00e3db,f,4
461,461,0,01640d4a,c,7,0000e3db,ed00e3db,f,4
462,462,0,01640d4b,c,7,0000e3db,ed00e3db,f,4
463,463,0,01640d4c,c,7,0000e3db,ed00e3db,f,4
464,464,0,01640d4d,c,7,0000e3db,ed00e3db,f,4
465,465,0,01640d4e,c,7,0000e3db,ed00e3db,f,4
466,466,0,01640d4f,c,7,0000e3db,ed00e3db,f,4
467,467,0,01640d50,c,7,0000e3db,ed00e3db,f,4
468,468,0,01640d51,c,7,0000e3db,ed00e3db,f,4
469,469,0,01640d52,c,7,0000e3db,ed00e3db,f,4
470,470,0,01640d53,c,7,0000e3db,ed00e3db,f,4
471,471,0,01640d54,c,7,0000e3db,ed00e3db,f,4
472,472,0,01640d55,c,7,0000e3db,ed00e3db,f,4
473,473,0,01640d56,c,7,0000e3db,ed00e3db,f,4
474,474,0,01640d57,c,7,0000e3db,ed00e3db,f,4
475,475,0,01640d58,c,7,0000e3db,ed00e3db,f,4
476,476,0,01640d59,c,7,0000e3db,ed00e3db,f,4
477,477,0,01640d5a,c,7,0000e3db,ed00e3db,f,4
478,478,0,01640d5b,c,7,0000e3db,ed00e3db,f,4
479,479,0,01640d5c,c,7,0000e3db,ed00e3db,f,4
480,480,0,01640d5d,c,7,0000e3db,ed00e3db,f,4
481,481,0,01640d5e,c,7,0000e3db,ed00e3db,f,4
482,482,0,01640d5f,c,7,0000e3db,ed00e3db,f,4
483,483,0,01640d60,c,7,0000e3db,ed00e3db,f,4
484,484,0,01640d61,c,7,0000e3db,ed00e3db,f,4
485,485,0,01640d62,c,7,0000e3db,ed00e3db,f,4
486,486,0,01640d63,c,7,0000e3db,ed00e3db,f,4
487,487,0,01640d64,c,7,0000e3db,ed00e3db,f,4
488,488,0,01640d65,c,7,0000e3db,ed00e3db,f,4
489,489,0,01640d66,c,7,0000e3db,ed00e3db,f,4
490,490,0,01640d67,c,7,0000e3db,ed00e3db,f,4
491,491,0,01640d68,c,7,0000e3db,ed00e3db,f,4
492,492,0,01640d69,c,7,0000e3db,ed00e3db,f,4
493,493,0,01640d6a,c,7,0000e3db,ed00e3db,f,4
494,494,0,01640d6b,c,7,0000e3db,ed00e3db,f,4
495,495,0,01640d6c,c,7,0000e3db,ed00e3db,f,4
496,496,0,01640d6d,c,7,0000e3db,ed00e3db,f,4
497,497,0,01640d6e,c,7,0000e3db,ed00e3db,f,4
498,498,0,01640d6f,c,7,0000e3db,ed00e3db,f,4
499,499,0,01640d70,c,7,0000e3db,ed00e3db,f,4
500,500,0,01640d71,c,7,0000e3db,ed00e3db,f,4
501,501,0,01640d72,c,7,0000e3db,ee00e3db,f,4
502,502,0,01640d73,c,7,0000e3db,ee00e3db,f,4
503,503,0,01640d74,c,7,0000e3db,ee00e3db,f,4
504,504,0,01640d75,c,5,0000e3db,ee00e3db,f,4
505,505,0,01640d76,c,4,0000e3dc,ee00e3dc,f,4
506,506,0,01640d77,c,4,0000e3dc,ee00e3dc,f,4
507,507,0,01640d78,c,4,0000e3dc,ee00e3dc,f,4
508,508,0,01640d79,c,4,0000e3dc,ee00e3dc,f,4
509,509,0,01640d7a,c,4,0000e3dc,ee00e3dc,f,4
510,510,0,01640d7b,c,4,0000e3dc,ee00e3dc,f,4
511,511,0,01640d7c,c,4,0000e3dc,ee00e3dc,f,4
512,512,1,01640d7d,c,4,0000e3dc,ee00e3dc,f,4
513,513,0,01640d7e,c,4,0000e3dc,ee00e3dc,f,4
514,514,0,01640d7f,c,4,0000e3dc,ee00e3dc,f,4
515,515,0,01640d80,c,4,0000e3dc,ee00e3dc,f,4
516,516,0,01640d81,c,4,0000e3dc,ee00e3dc,f,4
517,517,0,01640d82,c,4,0000e3dc,ee00e3dc,f,4
518,518,0,01640d83,c,4,0000e3dc,ee00e3dc,f,4
519,519,0,01640d84,c,4,0000e3dc,ee00e3dc,f,4
520,520,0,01640d85,c,4,0000e3dc,ee00e3dc,f,4
521,521,0,01640d86,c,4,0000e3dc,ee00e3dc,f,4
522,522,0,01640d87,c,4,0000e3dc,ee00e3dc,f,4
523,523,0,01640d88,c,4,0000e3dc,ee00e3dc,f,4
524,524,0,01640d89,c,4,0000e3dc,ee00e3dc,f,4
525,525,0,01640d8a,c,4,0000e3dc,ee00e3dc,f,4
526,526,0,01640d8b,c,4,0000e3dc,ee00e3dc,f,4
527,527,0,01640d8c,c,4,0000e3dc,ee00e3dc,f,4
528,528,0,01640d8d,c,4,0000e3dc,ee00e3dc,f,4
529,529,0,01640d8e,c,4,0000e3dc,ee00e3dc,f,4
530,530,0,01640d8f,c,4,0000e3dc,ee00e3dc,f,4
531,531,0,01640d90,c,4,0000e3dc,ee00e3dc,f,4
532,532,0,01640d91,c,4,0000e3dc,ee00e3dc,f,4
533,533,0,01640d92,c,4,0000e3dc,ee00e3dc,f,4
534,534,0,01640d93,c,4,0000e3dc,ee00e3dc,f,4
535,535,0,01640d94,c,4,0000e3dc,ee00e3dc,f,4
536,536,0,01640d95,c,4,0000e3dc,ee00e3dc,f,4
537,537,0,01640d96,c,4,0000e3dc,ee00e3dc,f,4
538,538,0,01640d97,c,4,0000e3dc,ee00e3dc,f,4
539,539,0,01640d98,c,4,0000e3dc,ee00e3dc,f,4
540,540,0,01640d99,c,4,0000e3dc,ee00e3dc,f,4
541,541,0,01640d9a,c,4,0000e3dc,ee00e3dc,f,4
542,542,0,01640d9b,c,4,0000e3dc,ee00e3dc,f,4
543,543,0,01640d9c,c,4,0000e3dc,ee00e3dc,f,4
544,544,0,01640d9d,c,4,0000e3dc,ee00e3dc,f,4
545,545,0,01640d9e,c,4,0000e3dc,ee00e3dc,f,4
546,546,0,01640d9f,c,4,0000e3dc,ee00e3dc,f,4
547,547,0,01640da0,c,4,0000e3dc,ee00e3dc,f,4
548,548,0,01640da1,c,4,0000e3dc,ee00e3dc,f,4
549,549,0,01640da2,c,4,0000e3dc,ee00e3dc,f,4
550,550,0,01640da3,c,4,0000e3dc,ee00e3dc,f,4
551,551,0,01640da4,c,4,0000e3dc,ee00e3dc,f,4
552,552,0,01640da5,c,4,0000e3dc,ee00e3dc,f,4
553,553,0,01640da6,c,4,0000e3dc,ee00e3dc,f,4
554,554,0,01640da7,c,4,0000e3dc,ee00e3dc,f,4
555,555,0,01640da8,c,4,0000e3dc,ee00e3dc,f,4
556,556,0,01640da9,c,4,0000e3dc,ee00e3dc,f,4
557,557,0,01640daa,c,4,0000e3dc,ee00e3dc,f,4
558,558,0,01640dab,c,4,0000e3dc,ee00e3dc,f,4
559,559,0,01640dac,c,4,0000e3dc,ee00e3dc,f,4
560,560,0,01640dad,c,4,0000e3dc,ee00e3dc,f,4
561,561,0,01640dae,c,4,0000e3dc,ee00e3dc,f,4
562,562,0,01640daf,c,4,0000e3dc,ee00e3dc,f,4
563,563,0,01640db0,c,4,0000e3dc,ee00e3dc,f,4
564,564,0,01640db1,c,4,0000e3dc,ee00e3dc,f,4
565,565,0,01640db2,c,4,0000e3dc,ee00e3dc,f,4
566,566,0,01640db3,c,4,0000e3dc,ee00e3dc,f,4
567,567,0,01640db4,c,4,0000e3dc,ee00e3dc,f,4
568,568,0,01640db5,c,4,0000e3dc,ee00e3dc,f,4
569,569,0,01640db6,c,4,0000e3dc,ee00e3dc,f,4
570,570,0,01640db7,c,4,0000e3dc,ee00e3dc,f,4
571,571,0,01640db8,c,4,0000e3dc,ee00e3dc,f,4
572,572,0,01640db9,c,4,0000e3dc,ee00e3dc,f,4
573,573,0,01640dba,c,4,0000e3dc,ee00e3dc,f,4
574,574,0,01640dbb,c,4,0000e3dc,ee00e3dc,f,4
575,575,0,01640dbc,c,4,0000e3dc,ee00e3dc,f,4
576,576,0,01640dbd,c,4,0000e3dc,ee00e3dc,f,4
577,577,0,01640dbe,c,4,0000e3dc,ee00e3dc,f,4
578,578,0,01640dbf,c,4,0000e3dc,ee00e3dc,f,4
579,579,0,01640dc0,c,4,0000e3dc,ee00e3dc,f,4
580,580,0,01640dc1,c,4,0000e3dc,ee00e3dc,f,4
581,581,0,01640dc2,c,4,0000e3dc,ee00e3dc,f,4
582,582,0,01640dc3,c,4,0000e3dc,ee00e3dc,f,4
583,583,0,01640dc4,c,4,0000e3dc,ee00e3dc,f,4
584,584,0,01640dc5,c,4,0000e3dc,ee00e3dc,f,4
585,585,0,01640dc6,c,4,0000e3dc,ee00e3dc,f,4
586,586,0,01640dc7,c,4,0000e3dc,ee00e3dc,f,4
587,587,0,01640dc8,c,4,0000e3dc,ee00e3dc,f,4
588,588,0,01640dc9,c,4,0000e3dc,ee00e3dc,f,4
589,589,0,01640dca,c,4,0000e3dc,ee00e3dc,f,4
590,590,0,01640dcb,c,4,0000e3dc,ee00e3dc,f,4
591,591,0,01640dcc,c,4,0000e3dc,ee00e3dc,f,4
592,592,0,01640dcd,c,4,0000e3dc,ee00e3dc,f,4
593,593,0,01640dce,c,4,0000e3dc,ee00e3dc,f,4
594,594,0,01640dcf,c,4,0000e3dc,ee00e3dc,f,4
595,595,0,01640dd0,c,4,0000e3dc,ee00e3dc,f,4
596,596,0,01640dd1,c,4,0000e3dc,ee00e3dc,f,4
597,597,0,01640dd2,c,4,0000e3dc,ee00e3dc,f,4
598,598,0,01640dd3,c,4,0000e3dc,ee00e3dc,f,4
599,599,0,01640dd4,c,4,0000e3dc,ee00e3dc,f,4
600,600,0,01640dd5,c,4,0000e3dc,ee00e3dc,f,4
601,601,0,01640dd6,c,4,0000e3dc,ee00e3dc,f,4
602,602,0,01640dd7,c,4,0000e3dc,ee00e3dc,f,4
603,603,0,01640dd8,c,4,0000e3dc,ee00e3dc,f,4
604,604,0,01640dd9,c,4,0000e3dc,ee00e3dc,f,4
605,605,0,01640dda,c,4,0000e3dc,ee00e3dc,f,4
606,606,0,01640ddb,c,4,0000e3dc,ee00e3dc,f,4
607,607,0,01640ddc,c,4,0000e3dc,ee00e3dc,f,4
608,608,0,01640ddd,c,4,0000e3dc,ee00e3dc,f,4
609,609,0,01640dde,c,4,0000e3dc,ee00e3dc,f,4
610,610,0,01640ddf,c,4,0000e3dc,ee00e3dc,f,4
611,611,0,01640de0,c,4,0000e3dc,ee00e3dc,f,4
612,612,0,01640de1,c,4,0000e3dc,ee00e3dc,f,4
613,613,0,01640de2,c,4,0000e3dc,ee00e3dc,f,4
614,614,0,01640de3,c,4,0000e3dc,ee00e3dc,f,4
615,615,0,01640de4,c,4,0000e3dc,ee00e3dc,f,4
616,616,0,01640de5,c,4,0000e3dc,ee00e3dc,f,4
617,617,0,01640de6,c,4,0000e3dc,ee00e3dc,f,4
618,618,0,01640de7,c,4,0000e3dc,ee00e3dc,f,4
619,619,0,01640de8,c,4,0000e3dc,ee00e3dc,f,4
620,620,0,01640de9,c,4,0000e3dc,ee00e3dc,f,4
621,621,0,01640dea,c,4,0000e3dc,ee00e3dc,f,4
622,622,0,01640deb,c,4,0000e3dc,ee00e3dc,f,4
623,623,0,01640dec,c,4,0000e3dc,ee00e3dc,f,4
624,624,0,01640ded,c,4,0000e3dc,ee00e3dc,f,4
625,625,0,01640dee,c,4,0000e3dc,ee00e3dc,f,4
626,626,0,01640def,c,4,0000e3dc,ee00e3dc,f,4
627,627,0,01640df0,c,4,0000e3dc,ee00e3dc,f,4
628,628,0,01640df1,c,4,0000e3dc,ee00e3dc,f,4
629,629,0,01640df2,c,4,0000e3dc,ee00e3dc,f,4
630,630,0,01640df3,c,4,0000e3dc,ee00e3dc,f,4
631,631,0,01640df4,c,4,0000e3dc,ee00e3dc,f,4
632,632,0,01640df5,c,4,0000e3dc,ee00e3dc,f,4
633,633,0,01640df6,c,4,0000e3dc,ee00e3dc,f,4
634,634,0,01640df7,c,4,0000e3dc,ee00e3dc,f,4
635,635,0,01640df8,c,4,0000e3dc,ee00e3dc,f,4
636,636,0,01640df9,c,4,0000e3dc,ee00e3dc,f,4
637,637,0,01640dfa,c,4,0000e3dc,ee00e3dc,f,4
638,638,0,01640dfb,c,4,0000e3dc,ee00e3dc,f,4
639,639,0,01640dfc,c,4,0000e3dc,ee00e3dc,f,4
640,640,0,01640dfd,c,4,0000e3dc,ee00e3dc,f,4
641,641,0,01640dfe,c,4,0000e3dc,ee00e3dc,f,4
642,642,0,01640dff,c,4,0000e3dc,ee00e3dc,f,4
643,643,0,01640e00,c,4,0000e3dc,ee00e3dc,f,4
644,644,0,01640e01,c,4,0000e3dc,ee00e3dc,f,4
645,645,0,01640e02,c,4,0000e3dc,ee00e3dc,f,4
646,646,0,01640e03,c,4,0000e3dc,ee00e3dc,f,4
647,647,0,01640e04,c,4,0000e3dc,ee00e3dc,f,4
648,648,0,01640e05,c,4,0000e3dc,ee00e3dc,f,4
649,649,0,01640e06,c,4,0000e3dc,ee00e3dc,f,4
650,650,0,01640e07,c,4,0000e3dc,ee00e3dc,f,4
651,651,0,01640e08,c,4,0000e3dc,ee00e3dc,f,4
652,652,0,01640e09,c,4,0000e3dc,ee00e3dc,f,4
653,653,0,01640e0a,c,4,0000e3dc,ee00e3dc,f,4
654,654,0,01640e0b,c,4,0000e3dc,ee00e3dc,f,4
655,655,0,01640e0c,c,4,0000e3dc,ee00e3dc,f,4
656,656,0,01640e0d,c,4,0000e3dc,ee00e3dc,f,4
657,657,0,01640e0e,c,4,0000e3dc,ee00e3dc,f,4
658,658,0,01640e0f,c,4,0000e3dc,ee00e3dc,f,4
659,659,0,01640e10,c,4,0000e3dc,ee00e3dc,f,4
660,660,0,01640e11,c,4,0000e3dc,ee00e3dc,f,4
661,661,0,01640e12,c,4,0000e3dc,ee00e3dc,f,4
662,662,0,01640e13,c,4,0000e3dc,ee00e3dc,f,4
663,663,0,01640e14,c,4,0000e3dc,ee00e3dc,f,4
664,664,0,01640e15,c,4,0000e3dc,ee00e3dc,f,4
665,665,0,01640e16,c,4,0000e3dc,ee00e3dc,f,4
666,666,0,01640e17,c,4,0000e3dc,ee00e3dc,f,4
667,667,0,01640e18,c,4,0000e3dc,ee00e3dc,f,4
668,668,0,01640e19,c,4,0000e3dc,ee00e3dc,f,4
669,669,0,01640e1a,c,4,0000e3dc,ee00e3dc,f,4
670,670,0,01640e1b,c,4,0000e3dc,ee00e3dc,f,4
671,671,0,01640e1c,c,4,0000e3dc,ee00e3dc,f,4
672,672,0,01640e1d,c,4,0000e3dc,ee00e3dc,f,4
673,673,0,01640e1e,c,4,0000e3dc,ee00e3dc,f,4
674,674,0,01640e1f,c,4,0000e3dc,ee00e3dc,f,4
675,675,0,01640e20,c,4,0000e3dc,ee00e3dc,f,4
676,676,0,01640e21,c,4,0000e3dc,ee00e3dc,f,4
677,677,0,01640e22,c,4,0000e3dc,ee00e3dc,f,4
678,678,0,01640e23,c,4,0000e3dc,ee00e3dc,f,4
679,679,0,01640e24,c,4,0000e3dc,ee00e3dc,f,4
680,680,0,01640e25,c,4,0000e3dc,ee00e3dc,f,4
681,681,0,01640e26,c,4,0000e3dc,ee00e3dc,f,4
682,682,0,01640e27,c,4,0000e3dc,ee00e3dc,f,4
683,683,0,01640e28,c,4,0000e3dc,ee00e3dc,f,4
684,684,0,01640e29,c,4,0000e3dc,ee00e3dc,f,4
685,685,0,01640e2a,c,4,0000e3dc,ee00e3dc,f,4
686,686,0,01640e2b,c,4,0000e3dc,ee00e3dc,f,4
687,687,0,01640e2c,c,4,0000e3dc,ee00e3dc,f,4
688,688,0,01640e2d,c,4,0000e3dc,ee00e3dc,f,4
689,689,0,01640e2e,c,4,0000e3dc,ee00e3dc,f,4
690,690,0,01640e2f,c,4,0000e3dc,ee00e3dc,f,4
691,691,0,01640e30,c,4,0000e3dc,ee00e3dc,f,4
692,692,0,01640e31,c,4,0000e3dc,ee00e3dc,f,4
693,693,0,01640e32,c,4,0000e3dc,ee00e3dc,f,4
694,694,0,01640e33,c,4,0000e3dc,ee00e3dc,f,4
695,695,0,01640e34,c,4,0000e3dc,ee00e3dc,f,4
696,696,0,01640e35,c,4,0000e3dc,ee00e3dc,f,4
697,697,0,01640e36,c,4,0000e3dc,ee00e3dc,f,4
698,698,0,01640e37,c,4,0000e3dc,ee00e3dc,f,4
699,699,0,01640e38,c,4,0000e3dc,ee00e3dc,f,4
700,700,0,01640e39,c,4,0000e3dc,ee00e3dc,f,4
701,701,0,01640e3a,c,4,0000e3dc,ee00e3dc,f,4
702,702,0,01640e3b,c,4,0000e3dc,ee00e3dc,f,4
703,703,0,01640e3c,c,4,0000e3dc,ee00e3dc,f,4
704,704,0,01640e3d,c,4,0000e3dc,ee00e3dc,f,4
705,705,0,01640e3e,c,4,0000e3dc,ee00e3dc,f,4
706,706,0,01640e3f,c,4,0000e3dc,ee00e3dc,f,4
707,707,0,01640e40,c,4,0000e3dc,ee00e3dc,f,4
708,708,0,01640e41,c,4,0000e3dc,ee00e3dc,f,4
709,709,0,01640e42,c,4,0000e3dc,ee00e3dc,f,4
710,710,0,01640e43,c,4,0000e3dc,ee00e3dc,f,4
711,711,0,01640e44,c,4,0000e3dc,ee00e3dc,f,4
712,712,0,01640e45,c,4,0000e3dc,ee00e3dc,f,4
713,713,0,01640e46,c,4,0000e3dc,ee00e3dc,f,4
714,714,0,01640e47,c,4,0000e3dc,ee00e3dc,f,4
715,715,0,01640e48,c,4,0000e3dc,ee00e3dc,f,4
716,716,0,01640e49,c,4,0000e3dc,ee00e3dc,f,4
717,717,0,01640e4a,c,4,0000e3dc,ee00e3dc,f,4
718,718,0,01640e4b,c,4,0000e3dc,ee00e3dc,f,4
719,719,0,01640e4c,c,4,0000e3dc,ee00e3dc,f,4
720,720,0,01640e4d,c,4,0000e3dc,ee00e3dc,f,4
721,721,0,01640e4e,c,4,0000e3dc,ee00e3dc,f,4
722,722,0,01640e4f,c,4,0000e3dc,ee00e3dc,f,4
723,723,0,01640e50,c,4,0000e3dc,ee00e3dc,f,4
724,724,0,01640e51,c,4,0000e3dc,ee00e3dc,f,4
725,725,0,01640e52,c,4,0000e3dc,ee00e3dc,f,4
726,726,0,01640e53,c,4,0000e3dc,ee00e3dc,f,4
727,727,0,01640e54,c,4,0000e3dc,ee00e3dc,f,4
728,728,0,01640e55,c,4,0000e3dc,ee00e3dc,f,4
729,729,0,01640e56,c,4,0000e3dc,ee00e3dc,f,4
730,730,0,01640e57,c,4,0000e3dc,ee00e3dc,f,4
731,731,0,01640e58,c,4,0000e3dc,ee00e3dc,f,4
732,732,0,01640e59,c,4,0000e3dc,ee00e3dc,f,4
733,733,0,01640e5a,c,4,0000e3dc,ee00e3dc,f,4
734,734,0,01640e5b,c,4,0000e3dc,ee00e3dc,f,4
735,735,0,01640e5c,c,4,0000e3dc,ee00e3dc,f,4
736,736,0,01640e5d,c,4,0000e3dc,ee00e3dc,f,4
737,737,0,01640e5e,c,4,0000e3dc,ee00e3dc,f,4
738,738,0,01640e5f,c,4,0000e3dc,ee00e3dc,f,4
739,739,0,01640e60,c,4,0000e3dc,ee00e3dc,f,4
740,740,0,01640e61,c,4,0000e3dc,ee00e3dc,f,4
741,741,0,01640e62,c,4,0000e3dc,ee00e3dc,f,4
742,742,0,01640e63,c,4,0000e3dc,ee00e3dc,f,4
743,743,0,01640e64,c,4,0000e3dc,ee00e3dc,f,4
744,744,0,01640e65,c,4,0000e3dc,ee00e3dc,f,4
745,745,0,01640e66,c,4,0000e3dc,ee00e3dc,f,4
746,746,0,01640e67,c,4,0000e3dc,ee00e3dc,f,4
747,747,0,01640e68,c,4,0000e3dc,ee00e3dc,f,4
748,748,0,01640e69,c,4,0000e3dc,ee00e3dc,f,4
749,749,0,01640e6a,c,4,0000e3dc,ee00e3dc,f,4
750,750,0,01640e6b,c,4,0000e3dc,ee00e3dc,f,4
751,751,0,01640e6c,c,4,0000e3dc,ee00e3dc,f,4
752,752,0,01640e6d,c,4,0000e3dc,ee00e3dc,f,4
753,753,0,01640e6e,c,4,0000e3dc,ee00e3dc,f,4
754,754,0,01640e6f,c,4,0000e3dc,ee00e3dc,f,4
755,755,0,01640e70,c,4,0000e3dc,ee00e3dc,f,4
756,756,0,01640e71,c,4,0000e3dc,ee00e3dc,f,4
757,757,0,01640e72,c,4,0000e3dc,ee00e3dc,f,4
758,758,0,01640e73,c,4,0000e3dc,ee00e3dc,f,4
759,759,0,01640e74,c,4,0000e3dc,ee00e3dc,f,4
760,760,0,01640e75,c,4,0000e3dc,ee00e3dc,f,4
761,761,0,01640e76,c,4,0000e3dc,ee00e3dc,f,4
762,762,0,01640e77,c,4,0000e3dc,ee00e3dc,f,4
763,763,0,01640e78,c,4,0000e3dc,ee00e3dc,f,4
764,764,0,01640e79,c,4,0000e3dc,ee00e3dc,f,4
765,765,0,01640e7a,c,4,0000e3dc,ee00e3dc,f,4
766,766,0,01640e7b,c,4,0000e3dc,ee00e3dc,f,4
767,767,0,01640e7c,c,4,0000e3dc,ee00e3dc,f,4
768,768,0,01640e7d,c,4,0000e3dc,ee00e3dc,f,4
769,769,0,01640e7e,c,4,0000e3dc,ee00e3dc,f,4
770,770,0,01640e7f,c,4,0000e3dc,ee00e3dc,f,4
771,771,0,01640e80,c,4,0000e3dc,ee00e3dc,f,4
772,772,0,01640e81,c,4,0000e3dc,ee00e3dc,f,4
773,773,0,01640e82,c,4,0000e3dc,ee00e3dc,f,4
774,774,0,01640e83,c,4,0000e3dc,ee00e3dc,f,4
775,775,0,01640e84,c,4,0000e3dc,ee00e3dc,f,4
776,776,0,01640e85,c,4,0000e3dc,ee00e3dc,f,4
777,777,0,01640e86,c,4,0000e3dc,ee00e3dc,f,4
778,778,0,01640e87,c,4,0000e3dc,ee00e3dc,f,4
779,779,0,01640e88,c,4,0000e3dc,ee00e3dc,f,4
780,780,0,01640e89,c,4,0000e3dc,ee00e3dc,f,4
781,781,0,01640e8a,c,4,0000e3dc,ee00e3dc,f,4
782,782,0,01640e8b,c,4,0000e3dc,ee00e3dc,f,4
783,783,0,01640e8c,c,4,0000e3dc,ee00e3dc,f,4
784,784,0,01640e8d,c,4,0000e3dc,ee00e3dc,f,4
785,785,0,01640e8e,c,4,0000e3dc,ee00e3dc,f,4
786,786,0,01640e8f,c,4,0000e3dc,ee00e3dc,f,4
787,787,0,01640e90,c,4,0000e3dc,ee00e3dc,f,4
788,788,0,01640e91,c,4,0000e3dc,ee00e3dc,f,4
789,789,0,01640e92,c,4,0000e3dc,ee00e3dc,f,4
790,790,0,01640e93,c,4,0000e3dc,ee00e3dc,f,4
791,791,0,01640e94,c,4,0000e3dc,ee00e3dc,f,4
792,792,0,01640e95,c,4,0000e3dc,ee00e3dc,f,4
793,793,0,01640e96,c,4,0000e3dc,ee00e3dc,f,4
794,794,0,01640e97,c,4,0000e3dc,ee00e3dc,f,4
795,795,0,01640e98,c,4,0000e3dc,ee00e3dc,f,4
796,796,0,01640e99,c,4,0000e3dc,ee00e3dc,f,4
797,797,0,01640e9a,c,4,0000e3dc,ee00e3dc,f,4
798,798,0,01640e9b,c,4,0000e3dc,ee00e3dc,f,4
799,799,0,01640e9c,c,4,0000e3dc,ee00e3dc,f,4
800,800,0,01640e9d,c,4,0000e3dc,ee00e3dc,f,4
801,801,0,01640e9e,c,4,0000e3dc,ee00e3dc,f,4
802,802,0,01640e9f,c,4,0000e3dc,ee00e3dc,f,4
803,803,0,01640ea0,c,4,0000e3dc,ee00e3dc,f,4
804,804,0,01640ea1,c,4,0000e3dc,ee00e3dc,f,4
805,805,0,01640ea2,c,4,0000e3dc,ee00e3dc,f,4
806,806,0,01640ea3,c,4,0000e3dc,ee00e3dc,f,4
807,807,0,01640ea4,c,4,0000e3dc,ee00e3dc,f,4
808,808,0,01640ea5,c,4,0000e3dc,ee00e3dc,f,4
809,809,0,01640ea6,c,4,0000e3dc,ee00e3dc,f,4
810,810,0,01640ea7,c,4,0000e3dc,ee00e3dc,f,4
811,811,0,01640ea8,c,4,0000e3dc,ee00e3dc,f,4
812,812,0,01640ea9,c,4,0000e3dc,ee00e3dc,f,4
813,813,0,01640eaa,c,4,0000e3dc,ee00e3dc,f,4
814,814,0,01640eab,c,4,0000e3dc,ee00e3dc,f,4
815,815,0,01640eac,c,4,0000e3dc,ee00e3dc,f,4
816,816,0,01640ead,c,4,0000e3dc,ee00e3dc,f,4
817,817,0,01640eae,c,4,0000e3dc,ee00e3dc,f,4
818,818,0,01640eaf,c,4,0000e3dc,ee00e3dc,f,4
819,819,0,01640eb0,c,4,0000e3dc,ee00e3dc,f,4
820,820,0,01640eb1,c,4,0000e3dc,ee00e3dc,f,4
821,821,0,01640eb2,c,4,0000e3dc,ee00e3dc,f,4
822,822,0,01640eb3,c,4,0000e3dc,ee00e3dc,f,4
823,823,0,01640eb4,c,4,0000e3dc,ee00e3dc,f,4
824,824,0,01640eb5,c,4,0000e3dc,ee00e3dc,f,4
825,825,0,01640eb6,c,4,0000e3dc,ee00e3dc,f,4
826,826,0,01640eb7,c,4,0000e3dc,ee00e3dc,f,4
827,827,0,01640eb8,c,4,0000e3dc,ee00e3dc,f,4
828,828,0,01640eb9,c,4,0000e3dc,ee00e3dc,f,4
829,829,0,01640eba,c,4,0000e3dc,ee00e3dc,f,4
830,830,0,01640ebb,c,4,0000e3dc,ee00e3dc,f,4
831,831,0,01640ebc,c,4,0000e3dc,ee00e3dc,f,4
832,832,0,01640ebd,c,4,0000e3dc,ee00e3dc,f,4
833,833,0,01640ebe,c,4,0000e3dc,ee00e3dc,f,4
834,834,0,01640ebf,c,4,0000e3dc,ee00e3dc,f,4
835,835,0,01640ec0,c,4,0000e3dc,ee00e3dc,f,4
836,836,0,01640ec1,c,4,0000e3dc,ee00e3dc,f,4
837,837,0,01640ec2,c,4,0000e3dc,ee00e3dc,f,4
838,838,0,01640ec3,c,4,0000e3dc,ee00e3dc,f,4
839,839,0,01640ec4,c,4,0000e3dc,ee00e3dc,f,4
840,840,0,01640ec5,c,4,0000e3dc,ee00e3dc,f,4
841,841,0,01640ec6,c,4,0000e3dc,ee00e3dc,f,4
842,842,0,01640ec7,c,4,0000e3dc,ee00e3dc,f,4
843,843,0,01640ec8,c,4,0000e3dc,ee00e3dc,f,4
844,844,0,01640ec9,c,4,0000e3dc,ee00e3dc,f,4
845,845,0,01640eca,c,4,0000e3dc,ee00e3dc,f,4
846,846,0,01640ecb,c,4,0000e3dc,ee00e3dc,f,4
847,847,0,01640ecc,c,4,0000e3dc,ee00e3dc,f,4
848,848,0,01640ecd,c,4,0000e3dc,ee00e3dc,f,4
849,849,0,01640ece,c,4,0000e3dc,ee00e3dc,f,4
850,850,0,01640ecf,c,4,0000e3dc,ee00e3dc,f,4
851,851,0,01640ed0,c,4,0000e3dc,ee00e3dc,f,4
852,852,0,01640ed1,c,4,0000e3dc,ee00e3dc,f,4
853,853,0,01640ed2,c,4,0000e3dc,ee00e3dc,f,4
854,854,0,01640ed3,c,4,0000e3dc,ee00e3dc,f,4
855,855,0,01640ed4,c,4,0000e3dc,ee00e3dc,f,4
856,856,0,01640ed5,c,4,0000e3dc,ee00e3dc,f,4
857,857,0,01640ed6,c,4,0000e3dc,ee00e3dc,f,4
858,858,0,01640ed7,c,4,0000e3dc,ee00e3dc,f,4
859,859,0,01640ed8,c,4,0000e3dc,ee00e3dc,f,4
860,860,0,01640ed9,c,4,0000e3dc,ee00e3dc,f,4
861,861,0,01640eda,c,4,0000e3dc,ee00e3dc,f,4
862,862,0,01640edb,c,4,0000e3dc,ee00e3dc,f,4
863,863,0,01640edc,c,4,0000e3dc,ee00e3dc,f,4
864,864,0,01640edd,c,4,0000e3dc,ee00e3dc,f,4
865,865,0,01640ede,c,4,0000e3dc,ee00e3dc,f,4
866,866,0,01640edf,c,4,0000e3dc,ee00e3dc,f,4
867,867,0,01640ee0,c,4,0000e3dc,ee00e3dc,f,4
868,868,0,01640ee1,c,4,0000e3dc,ee00e3dc,f,4
869,869,0,01640ee2,c,4,0000e3dc,ee00e3dc,f,4
870,870,0,01640ee3,c,4,0000e3dc,ee00e3dc,f,4
871,871,0,01640ee4,c,4,0000e3dc,ee00e3dc,f,4
872,872,0,01640ee5,c,4,0000e3dc,ee00e3dc,f,4
873,873,0,01640ee6,c,4,0000e3dc,ee00e3dc,f,4
874,874,0,01640ee7,c,4,0000e3dc,ee00e3dc,f,4
875,875,0,01640ee8,c,4,0000e3dc,ee00e3dc,f,4
876,876,0,01640ee9,c,4,0000e3dc,ee00e3dc,f,4
877,877,0,01640eea,c,4,0000e3dc,ee00e3dc,f,4
878,878,0,01640eeb,c,4,0000e3dc,ee00e3dc,f,4
879,879,0,01640eec,c,4,0000e3dc,ee00e3dc,f,4
880,880,0,01640eed,c,4,0000e3dc,ee00e3dc,f,4
881,881,0,01640eee,c,4,0000e3dc,ee00e3dc,f,4
882,882,0,01640eef,c,4,0000e3dc,ee00e3dc,f,4
883,883,0,01640ef0,c,4,0000e3dc,ee00e3dc,f,4
884,884,0,01640ef1,c,4,0000e3dc,ee00e3dc,f,4
885,885,0,01640ef2,c,4,0000e3dc,ee00e3dc,f,4
886,886,0,01640ef3,c,4,0000e3dc,ee00e3dc,f,4
887,887,0,01640ef4,c,4,0000e3dc,ee00e3dc,f,4
888,888,0,01640ef5,c,4,0000e3dc,ee00e3dc,f,4
889,889,0,01640ef6,c,4,0000e3dc,ee00e3dc,f,4
890,890,0,01640ef7,c,4,0000e3dc,ee00e3dc,f,4
891,891,0,01640ef8,c,4,0000e3dc,ee00e3dc,f,4
892,892,0,01640ef9,c,4,0000e3dc,ee00e3dc,f,4
893,893,0,01640efa,c,4,0000e3dc,ee00e3dc,f,4
894,894,0,01640efb,c,4,0000e3dc,ee00e3dc,f,4
895,895,0,01640efc,c,4,0000e3dc,ee00e3dc,f,4
896,896,0,01640efd,c,4,0000e3dc,ee00e3dc,f,4
897,897,0,01640efe,c,4,0000e3dc,ee00e3dc,f,4
898,898,0,01640eff,c,4,0000e3dc,ee00e3dc,f,4
899,899,0,01640f00,c,4,0000e3dc,ee00e3dc,f,4
900,900,0,01640f01,c,4,0000e3dc,ee00e3dc,f,4
901,901,0,01640f02,c,4,0000e3dc,ee00e3dc,f,4
902,902,0,01640f03,c,4,0000e3dc,ee00e3dc,f,4
903,903,0,01640f04,c,4,0000e3dc,ee00e3dc,f,4
904,904,0,01640f05,c,6,0000e3dc,ee00e3dc,f,4
905,905,0,01640f06,c,7,0000e3dd,ee00e3dd,f,4
906,906,0,01640f07,c,7,0000e3dd,ee00e3dd,f,4
907,907,0,01640f08,c,7,0000e3dd,ee00e3dd,f,4
908,908,0,01640f09,c,7,0000e3dd,ee00e3dd,f,4
909,909,0,01640f0a,c,7,0000e3dd,ee00e3dd,f,4
910,910,0,01640f0b,c,7,0000e3dd,ee00e3dd,f,4
911,911,0,01640f0c,c,7,0000e3dd,ee00e3dd,f,4
912,912,0,01640f0d,c,7,0000e3dd,ee00e3dd,f,4
913,913,0,01640f0e,c,7,0000e3dd,ee00e3dd,f,4
914,914,0,01640f0f,c,7,0000e3dd,ee00e3dd,f,4
915,915,0,01640f10,c,7,0000e3dd,ee00e3dd,f,4
916,916,0,01640f11,c,7,0000e3dd,ee00e3dd,f,4
917,917,0,01640f12,c,7,0000e3dd,ee00e3dd,f,4
918,918,0,01640f13,c,7,0000e3dd,ee00e3dd,f,4
919,919,0,01640f14,c,7,0000e3dd,ee00e3dd,f,4
920,920,0,01640f15,c,7,0000e3dd,ee00e3dd,f,4
921,921,0,01640f16,c,7,0000e3dd,ee00e3dd,f,4
922,922,0,01640f17,c,7,0000e3dd,ee00e3dd,f,4
923,923,0,01640f18,c,7,0000e3dd,ee00e3dd,f,4
924,924,0,01640f19,c,7,0000e3dd,ee00e3dd,f,4
925,925,0,01640f1a,c,7,0000e3dd,ee00e3dd,f,4
926,926,0,01640f1b,c,7,0000e3dd,ee00e3dd,f,4
927,927,0,01640f1c,c,7,0000e3dd,ee00e3dd,f,4
928,928,0,01640f1d,c,7,0000e3dd,ee00e3dd,f,4
929,929,0,01640f1e,c,7,0000e3dd,ee00e3dd,f,4
930,930,0,01640f1f,c,7,0000e3dd,ee00e3dd,f,4
931,931,0,01640f20,c,7,0000e3dd,ee00e3dd,f,4
932,932,0,01640f21,c,7,0000e3dd,ee00e3dd,f,4
933,933,0,01640f22,c,7,0000e3dd,ee00e3dd,f,4
934,934,0,01640f23,c,7,0000e3dd,ee00e3dd,f,4
935,935,0,01640f24,c,7,0000e3dd,ee00e3dd,f,4
936,936,0,01640f25,c,7,0000e3dd,ee00e3dd,f,4
937,937,0,01640f26,c,7,0000e3dd,ee00e3dd,f,4
938,938,0,01640f27,c,7,0000e3dd,ee00e3dd,f,4
939,939,0,01640f28,c,7,0000e3dd,ee00e3dd,f,4
940,940,0,01640f29,c,7,0000e3dd,ee00e3dd,f,4
941,941,0,01640f2a,c,7,0000e3dd,ee00e3dd,f,4
942,942,0,01640f2b,c,7,0000e3dd,ee00e3dd,f,4
943,943,0,01640f2c,c,7,0000e3dd,ee00e3dd,f,4
944,944,0,01640f2d,c,7,0000e3dd,ee00e3dd,f,4
945,945,0,01640f2e,c,7,0000e3dd,ee00e3dd,f,4
946,946,0,01640f2f,c,7,0000e3dd,ee00e3dd,f,4
947,947,0,01640f30,c,7,0000e3dd,ee00e3dd,f,4
948,948,0,01640f31,c,7,0000e3dd,ee00e3dd,f,4
949,949,0,01640f32,c,7,0000e3dd,ee00e3dd,f,4
950,950,0,01640f33,c,7,0000e3dd,ee00e3dd,f,4
951,951,0,01640f34,c,7,0000e3dd,ee00e3dd,f,4
952,952,0,01640f35,c,7,0000e3dd,ee00e3dd,f,4
953,953,0,01640f36,c,7,0000e3dd,ee00e3dd,f,4
954,954,0,01640f37,c,7,0000e3dd,ee00e3dd,f,4
955,955,0,01640f38,c,7,0000e3dd,ee00e3dd,f,4
956,956,0,01640f39,c,7,0000e3dd,ee00e3dd,f,4
957,957,0,01640f3a,c,7,0000e3dd,ee00e3dd,f,4
958,958,0,01640f3b,c,7,0000e3dd,ee00e3dd,f,4
959,959,0,01640f3c,c,7,0000e3dd,ee00e3dd,f,4
960,960,0,01640f3d,c,7,0000e3dd,ee00e3dd,f,4
961,961,0,01640f3e,c,7,0000e3dd,ee00e3dd,f,4
962,962,0,01640f3f,c,7,0000e3dd,ee00e3dd,f,4
963,963,0,01640f40,c,7,0000e3dd,ee00e3dd,f,4
964,964,0,01640f41,c,7,0000e3dd,ee00e3dd,f,4
965,965,0,01640f42,c,7,0000e3dd,ee00e3dd,f,4
966,966,0,01640f43,c,7,0000e3dd,ee00e3dd,f,4
967,967,0,01640f44,c,7,0000e3dd,ee00e3dd,f,4
968,968,0,01640f45,c,7,0000e3dd,ee00e3dd,f,4
969,969,0,01640f46,c,7,0000e3dd,ee00e3dd,f,4
970,970,0,01640f47,c,7,0000e3dd,ee00e3dd,f,4
971,971,0,01640f48,c,7,0000e3dd,ee00e3dd,f,4
972,972,0,01640f49,c,7,0000e3dd,ee00e3dd,f,4
973,973,0,01640f4a,c,7,0000e3dd,ee00e3dd,f,4
974,974,0,01640f4b,c,7,0000e3dd,ee00e3dd,f,4
975,975,0,01640f4c,c,7,0000e3dd,ee00e3dd,f,4
976,976,0,01640f4d,c,7,0000e3dd,ee00e3dd,f,4
977,977,0,01640f4e,c,7,0000e3dd,ee00e3dd,f,4
978,978,0,01640f4f,c,7,0000e3dd,ee00e3dd,f,4
979,979,0,01640f50,c,7,0000e3dd,ee00e3dd,f,4
980,980,0,01640f51,c,7,0000e3dd,ee00e3dd,f,4
981,981,0,01640f52,c,7,0000e3dd,ee00e3dd,f,4
982,982,0,01640f53,c,7,0000e3dd,ee00e3dd,f,4
983,983,0,01640f54,c,7,0000e3dd,ee00e3dd,f,4
984,984,0,01640f55,c,7,0000e3dd,ee00e3dd,f,4
985,985,0,01640f56,c,7,0000e3dd,ee00e3dd,f,4
986,986,0,01640f57,c,7,0000e3dd,ee00e3dd,f,4
987,987,0,01640f58,c,7,0000e3dd,ee00e3dd,f,4
988,988,0,01640f59,c,7,0000e3dd,ee00e3dd,f,4
989,989,0,01640f5a,c,7,0000e3dd,ee00e3dd,f,4
990,990,0,01640f5b,c,7,0000e3dd,ee00e3dd,f,4
991,991,0,01640f5c,c,7,0000e3dd,ee00e3dd,f,4
992,992,0,01640f5d,c,7,0000e3dd,ee00e3dd,f,4
993,993,0,01640f5e,c,7,0000e3dd,ee00e3dd,f,4
994,994,0,01640f5f,c,7,0000e3dd,ee00e3dd,f,4
995,995,0,01640f60,c,7,0000e3dd,ee00e3dd,f,4
996,996,0,01640f61,c,7,0000e3dd,ee00e3dd,f,4
997,997,0,01640f62,c,7,0000e3dd,ee00e3dd,f,4
998,998,0,01640f63,c,7,0000e3dd,ee00e3dd,f,4
999,999,0,01640f64,c,7,0000e3dd,ee00e3dd,f,4
1000,1000,0,01640f65,c,7,0000e3dd,ee00e3dd,f,4
1001,1001,0,01640f66,c,7,0000e3dd,ee00e3dd,f,4
1002,1002,0,01640f67,c,7,0000e3dd,ee00e3dd,f,4
1003,1003,0,01640f68,c,7,0000e3dd,ee00e3dd,f,4
1004,1004,0,01640f69,c,7,0000e3dd,ee00e3dd,f,4
1005,1005,0,01640f6a,c,7,0000e3dd,ee00e3dd,f,4
1006,1006,0,01640f6b,c,7,0000e3dd,ee00e3dd,f,4
1007,1007,0,01640f6c,c,7,0000e3dd,ee00e3dd,f,4
1008,1008,0,01640f6d,c,7,0000e3dd,ee00e3dd,f,4
1009,1009,0,01640f6e,c,7,0000e3dd,ee00e3dd,f,4
1010,1010,0,01640f6f,c,7,0000e3dd,ee00e3dd,f,4
1011,1011,0,01640f70,c,7,0000e3dd,ee00e3dd,f,4
1012,1012,0,01640f71,c,7,0000e3dd,ee00e3dd,f,4
1013,1013,0,01640f72,c,7,0000e3dd,ee00e3dd,f,4
1014,1014,0,01640f73,c,7,0000e3dd,ee00e3dd,f,4
1015,1015,0,01640f74,c,7,0000e3dd,ee00e3dd,f,4
1016,1016,0,01640f75,c,7,0000e3dd,ee00e3dd,f,4
1017,1017,0,01640f76,c,7,0000e3dd,ee00e3dd,f,4
1018,1018,0,01640f77,c,7,0000e3dd,ee00e3dd,f,4
1019,1019,0,01640f78,c,7,0000e3dd,ee00e3dd,f,4
1020,1020,0,01640f79,c,7,0000e3dd,ee00e3dd,f,4
1021,1021,0,01640f7a,c,7,0000e3dd,ee00e3dd,f,4
1022,1022,0,01640f7b,c,7,0000e3dd,ee00e3dd,f,4
1023,1023,0,01640f7c,c,7,0000e3dd,ee00e3dd,f,4
